ID,Nombre Familia,Modified Time,Tipo familia,Codigo Familia,Added Time,Código-Familia
4236940000130779329,INSUMOS GANADERIA,06-Feb-2026 12:21:07,Material,51,04-Nov-2025 09:34:29,51-INSUMOS GANADERIA
4236940000126658019,CARPINTERIA DE ALUMINIO,24-Feb-2026 10:24:56,,12,06-Oct-2025 09:23:19,12-CARPINTERIA DE ALUMINIO
4236940000126658035,INSTALACIONES ELECTRICAS,24-Feb-2026 10:24:56,,29,06-Oct-2025 09:23:19,29-INSTALACIONES ELECTRICAS
4236940000126658051,DESCUENTOS CONDICIONADOS,24-Feb-2026 10:24:56,,54,06-Oct-2025 09:23:19,54-DESCUENTOS CONDICIONADOS
4236940000126658067,TRANSPORTE EQUIPO Y FORMALETA,24-Feb-2026 10:24:56,,62,06-Oct-2025 09:23:19,62-TRANSPORTE EQUIPO Y FORMALETA
4236940000107675007,AGREGADOS MINERALES,24-Feb-2026 10:24:56,Material,07,22-May-2025 06:26:33,07-AGREGADOS MINERALES
4236940000107675023,CARPINTERIA DE MADERA,24-Feb-2026 10:24:56,Material,13,22-May-2025 06:26:33,13-CARPINTERIA DE MADERA
4236940000107675039,CIELOS RASOS,24-Feb-2026 10:24:56,Material,17,22-May-2025 06:26:33,17-CIELOS RASOS
4236940000107675055,EQUIPOS ESPECIALES,24-Feb-2026 10:24:56,Material,21,22-May-2025 06:26:33,21-EQUIPOS ESPECIALES
4236940000107675071,"LADRILLOS, BLOQUES Y ADOQUINES",24-Feb-2026 10:24:56,Material,31,22-May-2025 06:26:33,"31-LADRILLOS, BLOQUES Y ADOQUINES"
4236940000107675087,PINTURA Y GRANIPLAST,24-Feb-2026 10:24:56,Material,37,22-May-2025 06:26:33,37-PINTURA Y GRANIPLAST
4236940000107675103,PREFABRICADOS,24-Feb-2026 10:24:56,Material,41,22-May-2025 06:26:33,41-PREFABRICADOS
4236940000107675119,TUBERIAS Y ACCESORIOS CONCRETO,24-Feb-2026 10:24:56,Material,45,22-May-2025 06:26:33,45-TUBERIAS Y ACCESORIOS CONCRETO
4236940000107675135,REPROCESOS DE OBRA,24-Feb-2026 10:24:56,Material,50,22-May-2025 06:26:33,50-REPROCESOS DE OBRA
4236940000107675151,INSUMOS ADMINISTRATIVOS,24-Feb-2026 10:24:56,Material,81,22-May-2025 06:26:33,81-INSUMOS ADMINISTRATIVOS
4236940000147975073,PAVIMENTOS,24-Feb-2026 10:24:56,,36,06-Feb-2026 12:26:59,36-PAVIMENTOS
4236940000147975089,SAL. INI. MATERI Y CONT. T.C.,24-Feb-2026 10:24:56,,61,06-Feb-2026 12:26:59,61-SAL. INI. MATERI Y CONT. T.C.
4236940000147975105,NOTAS CREDITO/DEBITO,24-Feb-2026 10:24:56,,66,06-Feb-2026 12:26:59,66-NOTAS CREDITO/DEBITO
4236940000147975121,AJUSTE UVR,24-Feb-2026 10:24:56,,70,06-Feb-2026 12:26:59,70-AJUSTE UVR
4236940000147975137,IMPUESTOS,24-Feb-2026 10:24:56,,76,06-Feb-2026 12:26:59,76-IMPUESTOS
4236940000147975153,POLIZAS Y SEGUROS,24-Feb-2026 10:24:56,,82,06-Feb-2026 12:26:59,82-POLIZAS Y SEGUROS
4236940000147975169,"TIMBRES, REGISTROS Y PAZ-SALVO",24-Feb-2026 10:24:56,,87,06-Feb-2026 12:26:59,"87-TIMBRES, REGISTROS Y PAZ-SALVO"
4236940000147975185,GASTOS DE ADMINISTRACIONES,24-Feb-2026 10:24:56,,92,06-Feb-2026 12:26:59,92-GASTOS DE ADMINISTRACIONES
4236940000147975201,TRASLADO COSTO PROYECTOS,24-Feb-2026 10:24:56,,96,06-Feb-2026 12:26:59,96-TRASLADO COSTO PROYECTOS
4236940000149158613,,24-Feb-2026 10:24:56,,86,24-Feb-2026 10:24:56,
4236940000126658007,GASTOS PERSONAL ADMINISTRATIVO,24-Feb-2026 10:24:56,,03,06-Oct-2025 09:23:19,03-GASTOS PERSONAL ADMINISTRATIVO
4236940000126658023,ALQUILER FORMALETA,24-Feb-2026 10:24:56,,23,06-Oct-2025 09:23:19,23-ALQUILER FORMALETA
4236940000126658039,INSTAL HIDRAULICAS Y SANITARIA,24-Feb-2026 10:24:56,,30,06-Oct-2025 09:23:19,30-INSTAL HIDRAULICAS Y SANITARIA
4236940000126658055,ALQUILER EQUIPOS GRUA,24-Feb-2026 10:24:56,,57,06-Oct-2025 09:23:19,57-ALQUILER EQUIPOS GRUA
4236940000125206690,VIDRIOS Y ESPEJOS,24-Feb-2026 10:24:56,Material,48,25-Sep-2025 04:14:36,48-VIDRIOS Y ESPEJOS
4236940000107675011,ALQUILER EQUIPOS DE OBRA,24-Feb-2026 10:24:56,Material,08,22-May-2025 06:26:33,08-ALQUILER EQUIPOS DE OBRA
4236940000107675027,CARPINTERIA METÁLICA,24-Feb-2026 10:24:56,Material,14,22-May-2025 06:26:33,14-CARPINTERIA METÁLICA
4236940000107675043,COMBUSTIBLES Y LUBRICANTES,24-Feb-2026 10:24:56,Material,18,22-May-2025 06:26:33,18-COMBUSTIBLES Y LUBRICANTES
4236940000107675059,FERRETERIA Y HERRAMIENTAS,24-Feb-2026 10:24:56,Material,22,22-May-2025 06:26:33,22-FERRETERIA Y HERRAMIENTAS
4236940000107675075,MADERA DE OBRA,24-Feb-2026 10:24:56,Material,32,22-May-2025 06:26:33,32-MADERA DE OBRA
4236940000107675091,PISOS,24-Feb-2026 10:24:56,Material,38,22-May-2025 06:26:33,38-PISOS
4236940000107675107,TEJAS Y ELEMENTOS DE CUBIERTA,24-Feb-2026 10:24:56,Material,42,22-May-2025 06:26:33,42-TEJAS Y ELEMENTOS DE CUBIERTA
4236940000107675123,TUBERIAS Y ACCESORIOS METALICO,24-Feb-2026 10:24:56,Material,46,22-May-2025 06:26:33,46-TUBERIAS Y ACCESORIOS METALICO
4236940000107675139,ELEMENTO METALICO ESTRUCTURAL,24-Feb-2026 10:24:56,Material,53,22-May-2025 06:26:33,53-ELEMENTO METALICO ESTRUCTURAL
4236940000107675155,GASTOS BANCARIOS,24-Feb-2026 10:24:56,Material,91,22-May-2025 06:26:33,91-GASTOS BANCARIOS
4236940000147975077,MAYOR O MENOR VR. EN ORDEN DE,24-Feb-2026 10:24:56,,55,06-Feb-2026 12:26:59,55-MAYOR O MENOR VR. EN ORDEN DE
4236940000147975093,TRANSPORTE DE ESCOMBROS,24-Feb-2026 10:24:56,,63,06-Feb-2026 12:26:59,63-TRANSPORTE DE ESCOMBROS
4236940000147975109,AJUSTE INVENTARIO,24-Feb-2026 10:24:56,,67,06-Feb-2026 12:26:59,67-AJUSTE INVENTARIO
4236940000147975125,ALIMENTACION Y OTROS,24-Feb-2026 10:24:56,,71,06-Feb-2026 12:26:59,71-ALIMENTACION Y OTROS
4236940000147975141,INTERESES,24-Feb-2026 10:24:56,,77,06-Feb-2026 12:26:59,77-INTERESES
4236940000147975157,PUBLICIDAD,24-Feb-2026 10:24:56,,83,06-Feb-2026 12:26:59,83-PUBLICIDAD
4236940000147975173,TRANSPORTE URBANO,24-Feb-2026 10:24:56,,88,06-Feb-2026 12:26:59,88-TRANSPORTE URBANO
4236940000147975189,IVA NO RECUPERADO,24-Feb-2026 10:24:56,,93,06-Feb-2026 12:26:59,93-IVA NO RECUPERADO
4236940000147975205,SALDOS INICIALES,24-Feb-2026 10:24:56,,97,06-Feb-2026 12:26:59,97-SALDOS INICIALES
4236940000126658015,ASEOS ACABADOS,24-Feb-2026 10:24:56,,11,06-Oct-2025 09:23:19,11-ASEOS ACABADOS
4236940000126658031,IMPERMEABILIZACIONES,24-Feb-2026 10:24:56,,28,06-Oct-2025 09:23:19,28-IMPERMEABILIZACIONES
4236940000126658063,MANTENIMIENTO FORMALETA,24-Feb-2026 10:24:56,,59,06-Oct-2025 09:23:19,59-MANTENIMIENTO FORMALETA
4236940000107675003,"ADITIVOS, IMPERMEAB Y ACELERAN",24-Feb-2026 10:24:56,Material,06,22-May-2025 06:26:33,"06-ADITIVOS, IMPERMEAB Y ACELERAN"
4236940000107675019,APARATOS SANITARIOS,24-Feb-2026 10:24:56,Material,10,22-May-2025 06:26:33,10-APARATOS SANITARIOS
4236940000107675035,CERRAJERIA Y HERRAJES,24-Feb-2026 10:24:56,Material,16,22-May-2025 06:26:33,16-CERRAJERIA Y HERRAJES
4236940000107675051,ENCHAPES,24-Feb-2026 10:24:56,Material,20,22-May-2025 06:26:33,20-ENCHAPES
4236940000107675067,HIERROS Y ACEROS,24-Feb-2026 10:24:56,Material,27,22-May-2025 06:26:33,27-HIERROS Y ACEROS
4236940000107675083,MATERIALES Y ACCESORIOS ELECTR,24-Feb-2026 10:24:56,Material,34,22-May-2025 06:26:33,34-MATERIALES Y ACCESORIOS ELECTR
4236940000107675099,PRADOS Y ÁRBOLES,24-Feb-2026 10:24:56,Material,40,22-May-2025 06:26:33,40-PRADOS Y ÁRBOLES
4236940000107675115,TRANSPORTE,24-Feb-2026 10:24:56,Material,44,22-May-2025 06:26:33,44-TRANSPORTE
4236940000107675131,SEGURIDAD INDUSTRIAL & SISOMA,24-Feb-2026 10:24:56,Material,49,22-May-2025 06:26:33,49-SEGURIDAD INDUSTRIAL & SISOMA
4236940000107675147,MATRICULAS SERVICIOS PUBLICOS,24-Feb-2026 10:24:56,Material,80,22-May-2025 06:26:33,80-MATRICULAS SERVICIOS PUBLICOS
4236940000147975085,SALDOS INICIALES MDEO,24-Feb-2026 10:24:56,,60,06-Feb-2026 12:26:59,60-SALDOS INICIALES MDEO
4236940000147975101,VIGILANCIA Y CELADURIA,24-Feb-2026 10:24:56,,65,06-Feb-2026 12:26:59,65-VIGILANCIA Y CELADURIA
4236940000147975117,TRASLADO TERRENOS,24-Feb-2026 10:24:56,,69,06-Feb-2026 12:26:59,69-TRASLADO TERRENOS
4236940000147975133,HONORARIOS,24-Feb-2026 10:24:56,,75,06-Feb-2026 12:26:59,75-HONORARIOS
4236940000147975149,CONSULTORIAS,24-Feb-2026 10:24:56,,79,06-Feb-2026 12:26:59,79-CONSULTORIAS
4236940000147975165,COMISIONES DE VENTAS,24-Feb-2026 10:24:56,,85,06-Feb-2026 12:26:59,85-COMISIONES DE VENTAS
4236940000147975181,GASTOS DE REPRESENTACION,24-Feb-2026 10:24:56,,90,06-Feb-2026 12:26:59,90-GASTOS DE REPRESENTACION
4236940000147975197,TRASLADO COSTO DE VENTA,24-Feb-2026 10:24:56,,95,06-Feb-2026 12:26:59,95-TRASLADO COSTO DE VENTA
4236940000147975213,AJUSTES POR INFLACION,24-Feb-2026 10:24:56,,99,06-Feb-2026 12:26:59,99-AJUSTES POR INFLACION
4236940000126658011,SERVICIOS TEMPORALES,24-Feb-2026 10:24:56,,05,06-Oct-2025 09:23:19,05-SERVICIOS TEMPORALES
4236940000126658027,GRANITOS Y MARMOLES,24-Feb-2026 10:24:56,,25,06-Oct-2025 09:23:19,25-GRANITOS Y MARMOLES
4236940000126658043,MOVIMIENTO DE TIERRA,24-Feb-2026 10:24:56,,35,06-Oct-2025 09:23:19,35-MOVIMIENTO DE TIERRA
4236940000126658059,MANTENIMIENTO DE EQUIPOS,24-Feb-2026 10:24:56,,58,06-Oct-2025 09:23:19,58-MANTENIMIENTO DE EQUIPOS
4236940000123030831,ENSAYOS DE LABORATORIO,24-Feb-2026 10:24:56,Material,74,10-Sep-2025 11:15:19,74-ENSAYOS DE LABORATORIO
4236940000107675015,APARATOS DE COCINA,24-Feb-2026 10:24:56,Material,09,22-May-2025 06:26:33,09-APARATOS DE COCINA
4236940000107675031,CEMENTOS Y YESOS,24-Feb-2026 10:24:56,Material,15,22-May-2025 06:26:33,15-CEMENTOS Y YESOS
4236940000107675047,CONCRETOS Y MORTEROS,24-Feb-2026 10:24:56,Material,19,22-May-2025 06:26:33,19-CONCRETOS Y MORTEROS
4236940000107675063,GRIFERIAS Y ACCESORIOS,24-Feb-2026 10:24:56,Material,26,22-May-2025 06:26:33,26-GRIFERIAS Y ACCESORIOS
4236940000107675079,MADERAS TRATADAS,24-Feb-2026 10:24:56,Material,33,22-May-2025 06:26:33,33-MADERAS TRATADAS
4236940000107675095,"PLASTICOS, GEOTEXTILES Y MANTO",24-Feb-2026 10:24:56,Material,39,22-May-2025 06:26:33,"39-PLASTICOS, GEOTEXTILES Y MANTO"
4236940000107675111,TOPOGRAFIA,24-Feb-2026 10:24:56,Material,43,22-May-2025 06:26:33,43-TOPOGRAFIA
4236940000107675127,TUBERIAS Y ACCESORIOS EN PVC,24-Feb-2026 10:24:56,Material,47,22-May-2025 06:26:33,47-TUBERIAS Y ACCESORIOS EN PVC
4236940000107675143,MOBILIARIOS Y DECORACIONES,24-Feb-2026 10:24:56,Material,73,22-May-2025 06:26:33,73-MOBILIARIOS Y DECORACIONES
4236940000147975065,SEGURIDAD SOCIAL CONTRATISTA,24-Feb-2026 10:24:56,,04,06-Feb-2026 12:26:59,04-SEGURIDAD SOCIAL CONTRATISTA
4236940000147975081,RETIRO DE ACTIVOS,24-Feb-2026 10:24:56,,56,06-Feb-2026 12:26:59,56-RETIRO DE ACTIVOS
4236940000147975097,ASEO DE ESCOMBROS,24-Feb-2026 10:24:56,,64,06-Feb-2026 12:26:59,64-ASEO DE ESCOMBROS
4236940000147975113,TERRENOS,24-Feb-2026 10:24:56,,68,06-Feb-2026 12:26:59,68-TERRENOS
4236940000147975129,CONSUMO DE SERVICIOS PUBLICOS,24-Feb-2026 10:24:56,,72,06-Feb-2026 12:26:59,72-CONSUMO DE SERVICIOS PUBLICOS
4236940000147975145,LEGALES Y NOTARIALES,24-Feb-2026 10:24:56,,78,06-Feb-2026 12:26:59,78-LEGALES Y NOTARIALES
4236940000147975161,PROVISIONAL DE SERVICIOS PUBLI,24-Feb-2026 10:24:56,,84,06-Feb-2026 12:26:59,84-PROVISIONAL DE SERVICIOS PUBLI
4236940000147975177,VARIOS (INDIRECTOS),24-Feb-2026 10:24:56,,89,06-Feb-2026 12:26:59,89-VARIOS (INDIRECTOS)
4236940000147975193,DEPRECIACION,24-Feb-2026 10:24:56,,94,06-Feb-2026 12:26:59,94-DEPRECIACION
4236940000147975209,INVENTARIOS OTROS,24-Feb-2026 10:24:56,,98,06-Feb-2026 12:26:59,98-INVENTARIOS OTROS
4236940000151340580,OBSEQUIOS,09-Apr-2026 11:20:29,Material,523560,09-Apr-2026 11:20:29,523560-OBSEQUIOS
4236940000126658047,PILOTAJE,30-Jun-2026 10:15:48,Material,52,06-Oct-2025 09:23:19,52-PILOTAJE
4236940000126658003,MANO DE OBRA,08-Jul-2026 12:03:38,Mano de obra,02,06-Oct-2025 09:23:19,02-MANO DE OBRA
4236940000159603736,TRANSPORTE SIN IVA,27-Jul-2026 04:45:49,Material,441,27-Jul-2026 04:40:33,441-TRANSPORTE SIN IVA
4236940000147975069,GARANTIA ( POSTVENTA),31-Jul-2026 03:50:40,Material,24,06-Feb-2026 12:26:59,24-GARANTIA ( POSTVENTA)
