codigo,descripcion,capitulo_codigo,capitulo,familia,unidad,anio,no_inventariable,precio_barranquilla,precio_bogota,precio_bucaramanga,precio_cali,precio_cartagena,precio_santa_marta,precio_zipaquira
A01,Comisión Dia de topografía,A,"PRELIMINARES, EXCAVACION Y RELLENOS",TOPOGRAFIA,UN,2026,01101,210608.28,120058.05,180952.24,554421.71,236934.31,138066.76,138066.76
A10,Cerramiento en lámina Lisa Galvanizada Todo Costo,A,"PRELIMINARES, EXCAVACION Y RELLENOS",CERRAMIENTOS,ML,2026,60729,50681.65,,,,55749.82,,
A12,Desmonte Cerramiento polisombra,A,"PRELIMINARES, EXCAVACION Y RELLENOS",CERRAMIENTOS,ML,2026,70395,1992.74,2862.74,2513.92,2447.01,2192.01,3292.15,3292.15
A13,Desmonte Cerramiento en Zinc,A,"PRELIMINARES, EXCAVACION Y RELLENOS",CERRAMIENTOS,ML,2026,70479,,7655.09,7091.73,7856.03,,8803.35,8803.35
A14,Desmonte Cerramiento en Malla Electrosoldada,A,"PRELIMINARES, EXCAVACION Y RELLENOS",CERRAMIENTOS,ML,2026,70956,,,,5780.10,,,
A15,Excavación en Material Comun a mano > 2.5 mts,A,"PRELIMINARES, EXCAVACION Y RELLENOS",MOVIMIENTO DE TIERRA-REPLANTEO,M3,2026,24106,32083.17,52805.02,31497.30,34190.33,35291.48,60725.27,60725.27
A16,"Excavación en Material Comun a mano < 2,5 m",A,"PRELIMINARES, EXCAVACION Y RELLENOS",MOVIMIENTO DE TIERRA-REPLANTEO,M3,2026,60184,31187.43,51876.10,30941.65,30209.65,34306.17,59657.52,59657.52
A17,"Excavación en Material Recebo a mano < 2,5 m",A,"PRELIMINARES, EXCAVACION Y RELLENOS",MOVIMIENTO DE TIERRA-REPLANTEO,M3,2026,70000,,33744.11,,42074.85,,38805.73,38805.73
A18,Retiro Tierra,A,"PRELIMINARES, EXCAVACION Y RELLENOS",MOVIMIENTO DE TIERRA-REPLANTEO,M3,2026,24104,7768.90,8474.19,8117.15,7132.56,8545.79,9745.32,9745.32
A19,Entibado para Excavación,A,"PRELIMINARES, EXCAVACION Y RELLENOS",MOVIMIENTO DE TIERRA-REPLANTEO,M2,2026,60260,8654.05,9711.74,9711.76,8899.06,9519.45,11168.51,11168.51
A02,Comisión Dia de topografía- Desplazamiento/ Hospedaje,A,"PRELIMINARES, EXCAVACION Y RELLENOS",TOPOGRAFIA,UN,2026,75500,,,,,,58726.29,38414.97
A20,Relleno con pisón,A,"PRELIMINARES, EXCAVACION Y RELLENOS",MOVIMIENTO DE TIERRA-REPLANTEO,M3,2026,24201,18097.01,18427.72,18859.04,17706.31,19906.71,21191.88,21191.88
A21,Relleno con Plancha Material Común,A,"PRELIMINARES, EXCAVACION Y RELLENOS",MOVIMIENTO DE TIERRA-REPLANTEO,M3,2026,24202,25623.39,35937.59,31250.08,30597.71,28185.73,41328.23,41328.23
A22,Relleno con Plancha Material Recebo,A,"PRELIMINARES, EXCAVACION Y RELLENOS",MOVIMIENTO DE TIERRA-REPLANTEO,M3,2026,70955,,50086.90,,,,57599.93,57599.93
A23,Replanteo Manual en Tierra / Localización de ejes.,A,"PRELIMINARES, EXCAVACION Y RELLENOS",MOVIMIENTO DE TIERRA-REPLANTEO,M2,2026,24401,2916.65,3542.34,3951.86,2281.79,3208.32,4073.69,4073.69
A24,Perfilada de Talud en Muros,A,"PRELIMINARES, EXCAVACION Y RELLENOS",MOVIMIENTO DE TIERRA-REPLANTEO,M2,2026,60733,,4206.77,3994.18,4706.53,,4837.78,4837.78
A25,Corte en tierra,A,"PRELIMINARES, EXCAVACION Y RELLENOS",MOVIMIENTO DE TIERRA-REPLANTEO,M2,2026,24101,1563.45,,1579.13,1522.15,1719.79,,
A26,Pañete taludes,A,"PRELIMINARES, EXCAVACION Y RELLENOS",OTROS,M2,2026,60277,,9890.52,,,,11374.10,11374.10
A27,Mezcla para Relleno en Suelo Cemento (Mano de Obra Mezcla),A,"PRELIMINARES, EXCAVACION Y RELLENOS",OTROS,M3,2026,60531,3407.49,,3492.30,,3748.24,,
A28,"Excavación en Material Comun a mano < 0,50m",A,"PRELIMINARES, EXCAVACION Y RELLENOS",MOVIMIENTO DE TIERRA-REPLANTEO,M3,2026,60133,,,,7303.05,,,
A29,Entibado para Excavación Incluye Lámina,A,"PRELIMINARES, EXCAVACION Y RELLENOS",MOVIMIENTO DE TIERRA-REPLANTEO,M2,2026,76142,,57214.36,,,,65796.51,65796.51
A03,Alquiler Dia de Topografía,A,"PRELIMINARES, EXCAVACION Y RELLENOS",TOPOGRAFIA,UN,2026,01102,315912.42,534377.13,336054.15,,354708.68,614533.70,614533.70
A30,Excavacion en roca,A,"PRELIMINARES, EXCAVACION Y RELLENOS",MOVIMIENTO DE TIERRA-REPLANTEO,M3,2026,76204,,87422.82,,,,100536.25,100536.25
A31,Burros en Madera para Acopio de Mallas,A,"PRELIMINARES, EXCAVACION Y RELLENOS",CAMPAMENTO,UN,2026,76207,,,,242674.42,,,
A32,Burros en Madera para Acopio de Acero Corrugado,A,"PRELIMINARES, EXCAVACION Y RELLENOS",CAMPAMENTO,UN,2026,76208,,,,115037.01,,,
A33,Cerramiento Cubierta en Zinc,A,"PRELIMINARES, EXCAVACION Y RELLENOS",CERRAMIENTOS,M2,2026,76209,,,,6852.05,,,
A34,Desmonte Cubierta en Zinc,A,"PRELIMINARES, EXCAVACION Y RELLENOS",CERRAMIENTOS,M2,2026,76210,,,,3426.03,,,
A35,Puerta Vehicular en Zinc,A,"PRELIMINARES, EXCAVACION Y RELLENOS",CERRAMIENTOS,UN,2026,76211,,,,81669.28,,,
A36,Puerta Provisional en Zinc,A,"PRELIMINARES, EXCAVACION Y RELLENOS",CAMPAMENTO,UN,2026,76212,,,,35001.12,,,
A37,Desmonte de Madera Campamento,A,"PRELIMINARES, EXCAVACION Y RELLENOS",CERRAMIENTOS,M2,2026,76213,,,,4217.63,,,
A38,Sobrepiso Concreto,A,"PRELIMINARES, EXCAVACION Y RELLENOS",CAMPAMENTO,M2,2026,76214,,,,8680.28,,,
A39,Bases en Concreto Para contenedores,A,"PRELIMINARES, EXCAVACION Y RELLENOS",CAMPAMENTO,UN,2026,76215,,,,40834.64,,,
A04,Cerramiento Polisombra con Postes,A,"PRELIMINARES, EXCAVACION Y RELLENOS",CERRAMIENTOS,ML,2026,22101,4277.07,4921.84,4579.45,4892.37,4704.78,5660.12,5660.12
A40,Desmonte Drywall,A,"PRELIMINARES, EXCAVACION Y RELLENOS",CERRAMIENTOS,M2,2026,76217,,,,10500.34,,,
A05,Cerramiento en lamina de Zinc,A,"PRELIMINARES, EXCAVACION Y RELLENOS",CERRAMIENTOS,ML,2026,22103,,19137.72,17729.31,15714.60,,22008.37,22008.37
A07,Cerramiento en Alambre de Púas y Postes.,A,"PRELIMINARES, EXCAVACION Y RELLENOS",CERRAMIENTOS,ML,2026,22105,,9516.27,8049.33,6521.84,,10943.71,10943.71
A08,Cerramiento en Malla Electrosoldada,A,"PRELIMINARES, EXCAVACION Y RELLENOS",CERRAMIENTOS,ML,2026,70919,,30113.36,,11561.83,,34630.36,34630.36
A09,Cerramiento en Tablas de Madera,A,"PRELIMINARES, EXCAVACION Y RELLENOS",CERRAMIENTOS,M2,2026,71167,,,,8435.11,,,
B01,Concreto Ciclopeo Zapatas,B,CIMENTACION,MEJORAMIENTO SUELO,M3,2026,71200,55022.04,60641.16,56922.12,56522.87,60524.25,69737.34,69737.34
B10,Viga Cimentacion Reforzada h ≤ 0.35,B,CIMENTACION,VIGAS,ML,2026,70404,28192.02,33370.23,32198.44,19310.35,31011.23,38375.76,38375.76
B11,Viga Cimentacion Reforzada Altura entre 0.35 a 1.20 m,B,CIMENTACION,VIGAS,M3,2026,60022,164455.13,209355.27,173721.61,204986.84,180900.64,240758.56,240758.56
B12,Viga Cimentacion Reforzada Altura Mayor a 1.20 m,B,CIMENTACION,VIGAS,M3,2026,70020,188398.25,308626.05,196449.41,221008.36,207238.07,354919.96,354919.96
B13,Viga Muro Cerramiento refor. 0.30-0.50 + Zapatas para Columnas,B,CIMENTACION,VIGAS,ML,2026,71205,,,,17984.24,,,
B14,Zapata Reforzada/Zarpa en Concreto,B,CIMENTACION,ZAPATAS,M3,2026,02201,178977.80,203242.98,188137.31,204986.84,196875.59,233729.43,233729.43
B15,Losa Maciza de Cimentación,B,CIMENTACION,LOSA-PLACA DE CIMENTACION,M3,2026,70014,164687.15,179948.87,158398.18,,181155.86,206941.21,206941.21
B16,Cimentación Placa Aligerada Con Caseton Hasta 1 metro de Altura,B,CIMENTACION,LOSA-PLACA DE CIMENTACION,M2,2026,71206,,136092.31,101915.87,108536.08,,156506.16,156506.16
B17,Antepiso en Concreto,B,CIMENTACION,LOSA-PLACA DE CIMENTACION,M2,2026,09102,11099.20,18038.78,14932.14,13784.78,12209.12,20744.60,20744.60
B18,Antepiso en Concreto Nivelado / Placa de Cimentación,B,CIMENTACION,LOSA-PLACA DE CIMENTACION,M2,2026,09101,13319.03,25668.80,18488.38,13784.78,14650.94,29519.12,29519.12
B19,"Campanas (Pata Elefante) para ""Caissons"" diametro 2,1 m",B,CIMENTACION,PILOTES-CAISSONS,M3,2026,02102,96810.09,121742.14,,98762.08,106491.10,140003.46,140003.46
B02,Concreto Ciclopeo Plataforma,B,CIMENTACION,MEJORAMIENTO SUELO,M3,2026,71201,44017.63,48512.93,45138.25,,48419.40,55789.87,55789.87
B20,"Fustes para ""Caissons"" diametro 1,2 m",B,CIMENTACION,PILOTES-CAISSONS,M3,2026,02103,108044.12,137994.68,,112534.91,118848.53,158693.88,158693.88
B21,Prehuecos Pilotes,B,CIMENTACION,PILOTES-CAISSONS,UN,2026,60320,13553.35,15839.28,13401.27,,14908.68,18215.17,18215.17
B22,Descabece de Pilotes,B,CIMENTACION,PILOTES-CAISSONS,M3,2026,02106,423207.50,541618.35,402117.07,358169.58,465528.25,622861.10,622861.10
B23,Armado Canastas Pilotes.,B,CIMENTACION,PILOTES-CAISSONS,KG,2026,60907,431.45,514.73,428.17,,474.60,591.94,591.94
B24,Dado Cabezal Pilote,B,CIMENTACION,PILOTES-CAISSONS,M3,2026,70013,188398.25,216374.76,183006.30,170300.83,207238.07,248830.97,248830.97
B25,Plastico Bajo Placa,B,CIMENTACION,OTROS,M2,2026,60060,650.96,,715.17,,716.06,,
B26,Adecuación de Casetones Pases Hidrosanitarios,B,CIMENTACION,LOSA-PLACA DE CIMENTACION,M2,2026,76050,,,,9199.63,,,
B27,Descabece de Pantallas con Compresor,B,CIMENTACION,PILOTES-CAISSONS,M3,2026,76160,423207.50,868625.20,,,465528.25,,
B28,"Campanas (Pata Elefante) para ""Caissons"" diametro >1,40",B,CIMENTACION,PILOTES-CAISSONS,UN,2026,76511,,,1953805.45,,,,
B29,"Anillo + Fustes para ""Caissons"" diametro > 1,2 m",B,CIMENTACION,PILOTES-CAISSONS,UN,2026,76512,,,914662.49,,,,
B03,Concreto de Limpieza de Planta,B,CIMENTACION,MEJORAMIENTO SUELO,M2,2026,71202,3506.75,3921.09,3609.33,,3857.43,4509.25,4509.25
B30,Caisson con profundida > 12 m,B,CIMENTACION,PILOTES-CAISSONS,UN,2026,76513,,,128338.44,,,,
B31,Perforación en Roca para Caissons,B,CIMENTACION,PILOTES-CAISSONS,UN,2026,76165,,,34046.51,,,,
B32,Recalce Pilotes Definitivos sin Formaleta- ML,B,CIMENTACION,ESTRUCTURA,ML,2026,76197,,150126.57,,,,172645.55,172645.55
B33,Cimentación Placa Aligerada > 1 metro de Altura,B,CIMENTACION,ESTRUCTURA,M2,2026,76200,,165829.20,,,,190703.58,190703.58
B34,Dado Cabezal Pilote > 1.2 m,B,CIMENTACION,PILOTES-CAISSONS,M3,2026,76514,,308626.05,,,,354919.96,354919.96
B04,Concreto de Limpieza Manual,B,CIMENTACION,MEJORAMIENTO SUELO,M2,2026,71203,5063.99,6303.27,5156.19,4863.44,5570.39,7248.76,7248.76
B05,Muro en ciclopeo 1 cara,B,CIMENTACION,MURO-CIMENTACION,M2,2026,02301,,,,80107.21,,,
B06,Muro en ciclopeo 2 caras,B,CIMENTACION,MURO-CIMENTACION,M2,2026,02302,,,,80107.21,,,
B07,Foso Ascensor,B,CIMENTACION,MURO-CIMENTACION,M3,2026,60629,291621.01,348165.52,303525.09,279891.82,320783.11,400390.35,400390.35
B08,Mano de Obra Impermeabilizacion Asfalto Muro o (Imprimante + 2manos IGOL),B,CIMENTACION,IMPERMEABILIZACION,M2,2026,02701,3053.57,3803.18,3216.92,,3358.93,4373.66,4373.66
B09,Mano de Obra Impermeabilizacion Asfalto Muro o (Imprimante + 2manos IGOL) Muros de Contención.,B,CIMENTACION,IMPERMEABILIZACION,M2,2026,71204,,,,10298.76,,,
C01,"Tuberia en PVC en Tierra de 2"", 3"",4"" Incluye Excavación y Relleno",C,DESAGÜES SUBTERRANEOS,TUBERIA,ML,2026,70695,18223.15,22370.74,19969.27,18930.01,20045.47,25726.35,25726.35
C10,Instalación de tuberia para geodren planar,C,DESAGÜES SUBTERRANEOS,INSTALACION FILTROS Y GEOTEXTILES,ML,2026,60644,11051.69,13567.06,11475.70,9490.39,12156.86,15602.12,15602.12
C11,Instalación de geotextil para geodren planar,C,DESAGÜES SUBTERRANEOS,INSTALACION FILTROS Y GEOTEXTILES,M2,2026,60645,939.89,1153.81,975.95,,1033.88,1326.88,1326.88
C12,Instalación de geomalla / geotextil / geomembrana,C,DESAGÜES SUBTERRANEOS,INSTALACION FILTROS Y GEOTEXTILES,M2,2026,60216,1980.58,830.74,702.69,,2178.64,955.36,955.36
C02,"Tuberia en en Tierra de PVC 6"" Incluye Excavación y Relleno",C,DESAGÜES SUBTERRANEOS,TUBERIA,ML,2026,03204,23605.32,26921.79,24031.76,22570.40,25965.85,30960.06,30960.06
C03,"Caja inspeccion de > 1,0 m - Incluye excavación. H > 1,2 METROS",C,DESAGÜES SUBTERRANEOS,CAJAS DE INSPECCION,UN,2026,71207,271977.79,291389.21,267064.00,297272.95,299175.57,335097.60,335097.60
C04,"Caja inspeccion de 0.6 a 1,0 - Incluye excavación. H <= 1,2 METROS",C,DESAGÜES SUBTERRANEOS,CAJAS DE INSPECCION,UN,2026,71208,218854.18,240881.28,220772.48,217228.14,240739.60,277013.48,277013.48
C05,"Caja inspeccion en Concreto de >1,5",C,DESAGÜES SUBTERRANEOS,CAJAS DE INSPECCION,UN,2026,70803,,,,347557.93,,,
C06,Caja inspeccion en Concreto 1.2m<h<1.5 m,C,DESAGÜES SUBTERRANEOS,CAJAS DE INSPECCION,UN,2026,71190,290794.75,311549.17,,297272.95,319874.23,358281.55,358281.55
C07,Caja inspeccion en Concreto 1.5m<h<1.8 m,C,DESAGÜES SUBTERRANEOS,CAJAS DE INSPECCION,UN,2026,71191,376322.62,403181.28,,347557.93,413954.88,463658.47,463658.47
C08,Caja inspeccion en Concreto h>1.8 m,C,DESAGÜES SUBTERRANEOS,CAJAS DE INSPECCION,UN,2026,71192,427639.34,458160.55,,382421.68,470403.28,526884.63,526884.63
C09,Filtro Manguera en triturado y Geotextil. Incluye Excavación y Relleno,C,DESAGÜES SUBTERRANEOS,INSTALACION FILTROS Y GEOTEXTILES,ML,2026,24303,18458.01,22659.06,19166.16,19636.86,20303.82,26057.92,26057.92
D001,Columna de Cerramiento (Tipo Machon),D,ESTRUCTURA,COLUMNAS,ML,2026,70119,27369.56,30431.30,28939.21,24426.60,30106.51,34996.00,34996.00
D010,Muro Armado 1 o 2 Caras Tanques y Piscina,D,ESTRUCTURA,MUROS,M3,2026,70923,400902.67,470362.23,408418.34,378544.31,440992.94,540916.57,540916.57
D100,Corte y Sellado Juntas Pavimento rigido,D,ESTRUCTURA,OTROS,ML,2026,76172,,,9751.49,,,,
D101,Armado de Canastas Pavimento Rigido,D,ESTRUCTURA,OTROS,M2,2026,76173,,,51335.38,,,,
D102,Placa en Concreto Canchas,D,ESTRUCTURA,PLACAS,M2,2026,76174,,,23227.03,,,,
D103,Sobreplaca de Realce en Concreto,D,ESTRUCTURA,PLACAS,M2,2026,76175,,,26845.05,,,,
D104,Demolición Viga Guia / Pantallas Hincadas - M3,D,ESTRUCTURA,ESTRUCTURA SOTANOS,M3,2026,76196,,541618.35,,,,622861.10,622861.10
D105,Demolición Cajas en Pantallas / Viga Cinturón - M3,D,ESTRUCTURA,DEMOLICIONES,UN,2026,76198,,123859.99,,,,142438.99,142438.99
D106,"Mano de Obra selección , corte e instalacion de conectores roscados",D,ESTRUCTURA,ESTRUCTURA SOTANOS,UN,2026,76199,,3339.03,,,,3839.89,3839.89
D107,"Anclajes a Pantallas o vigas de conectores de 3/8"" x 20,0 cms (Incluye epoxico)",D,ESTRUCTURA,ESTRUCTURA SOTANOS,UN,2026,76202,,5856.00,,,,6734.40,6734.40
D108,"Placa de concreto aligerada con relleno o caseton Hmax=0,15cm",D,ESTRUCTURA,ESTRUCTURA,M2,2026,76203,,38558.88,,,,44342.71,44342.71
D109,"Escalera en Concreto Reforzado H>3,2 m",D,ESTRUCTURA,ESCALERAS,M2,2026,76206,,167397.97,,,,192507.66,192507.66
D011,"Muro Suelto en Metalex E < 0,12 antepechos terrazas o fachadas",D,ESTRUCTURA,MUROS,M2,2026,06111,28252.53,35643.70,30994.52,37153.50,31077.79,40990.26,40990.26
D110,Juntas de dilatacion inducidas en muros estructurales / muros no estructurales de fachada,D,ESTRUCTURA,OTROS,ML,2026,76222,5819.87,,,,6401.86,,
D111,Dilataciones Antepecho-Placa parqueaderos,D,ESTRUCTURA,OTROS,ML,2026,76223,3152.10,,,,3467.31,,
D113,Resane / friso Antepecho-Placa parqueaderos,D,ESTRUCTURA,OTROS,ML,2026,76225,14646.59,16111.25,,,16389.38,18527.94,18527.94
D114,Fundición Pases RCI en Losa/ Escaleras,D,ESTRUCTURA,OTROS,UN,2026,76216,,,,46871.43,,,
D115,"Muro Suelto en Metalex E > 0,12 antepechos terrazas o fachadas",D,ESTRUCTURA,MUROS,M2,2026,70721,,44554.64,,,,51237.84,51237.84
D116,ESCARIFICADA / PULIDA ESCALERAS,D,ESTRUCTURA,OTROS,M2,2026,76159,8342.00,,,,9176.20,,
D117,RESANE + SIKA TOP 122 MORTERO DE REPARACION ESCALERAS,D,ESTRUCTURA,OTROS,M2,2026,76515,7700.31,,,,8470.34,,
D012,Muro-Placa Estructura OUTINORD,D,ESTRUCTURA,SISTEMA MURO-PLACA,M2,2026,06112,49126.93,58520.05,51230.81,49623.85,54039.62,67298.05,67298.05
D013,Resane Muro-Placa OUTINORD,D,ESTRUCTURA,SISTEMA MURO-PLACA,M2,2026,71215,6235.10,7224.70,6324.79,6126.40,6858.61,8308.40,8308.40
D014,Terminación Muro-Placa Estructura OUTINORD,D,ESTRUCTURA,SISTEMA MURO-PLACA,M2,2026,71218,5611.59,6502.23,5692.31,5513.76,6172.75,7477.56,7477.56
D015,"Adicional Por Zonas Hechizas En Metalex, En Edificios En OUTINORD",D,ESTRUCTURA,OTROS,M2,2026,60537,12611.65,14021.08,12866.20,,13872.81,16124.24,16124.24
D016,Muro-Placa Estructura En Metalex,D,ESTRUCTURA,SISTEMA MURO-PLACA,M2,2026,60057,68141.85,80425.79,69935.35,84405.97,74956.04,92489.66,92489.66
D017,Resane Muro-Placa Metalex,D,ESTRUCTURA,SISTEMA MURO-PLACA,M2,2026,71216,6643.71,9796.00,8633.99,7493.65,7308.08,11265.40,11265.40
D018,Terminación Muro-Placa Estructura En Metalex,D,ESTRUCTURA,SISTEMA MURO-PLACA,M2,2026,71219,7783.60,8815.70,7770.59,6744.41,8561.96,10138.05,10138.05
D019,Muro-Placa Estructura En Forsa,D,ESTRUCTURA,SISTEMA MURO-PLACA,M2,2026,70644,62977.42,71437.81,66294.17,80591.48,69275.17,82153.49,82153.49
D002,Columnas en Concreto Seccion Transversal < 0.25 M2 H<3m,D,ESTRUCTURA,COLUMNAS,M3,2026,06301,370841.74,415830.67,370217.12,386104.58,407925.91,478205.27,478205.27
D020,Resane Muro-Placa En Forsa,D,ESTRUCTURA,SISTEMA MURO-PLACA,M2,2026,70107,6311.52,8862.46,8202.29,7136.98,6942.67,10191.83,10191.83
D021,Terminación Muro-Placa Estructura En Forsa,D,ESTRUCTURA,SISTEMA MURO-PLACA,M2,2026,71220,7193.68,8643.90,7366.02,6320.70,7913.05,9940.48,9940.48
D022,"Muro-Placa Estructura En Metalex (Edificio de altura > 12 Pisos, Muros con Refuerzo en Parrillas, Volumen apto >=33m3)",D,ESTRUCTURA,SISTEMA MURO-PLACA,M2,2026,71196,,,,89124.71,,,
D023,"Resane Muro-Placa Metalex (Edificio de altura > 12 Pisos, Muros con Refuerzo en Parrillas, Volumen apto >=33m3)",D,ESTRUCTURA,SISTEMA MURO-PLACA,M2,2026,71197,,,,10642.30,,,
D024,"Terminación Muro-Placa Estructura En Metalex (Edificio de altura > 12 Pisos, Muros con Refuerzo en Parrillas, Volumen apto >=33m3)",D,ESTRUCTURA,SISTEMA MURO-PLACA,M2,2026,71198,,,,8048.54,,,
D025,Resane Adicional Muros en Concreto a la vista Proyectos VIS y VIP,D,ESTRUCTURA,SISTEMA MURO-PLACA,M2,2026,70700,3726.32,,3982.24,3775.14,4098.95,,
D026,"Resane Culatas, Patios, Etc",D,ESTRUCTURA,SISTEMA MURO-PLACA,M2,2026,70181,10872.62,11620.45,9445.32,13445.54,11959.88,13363.52,13363.52
D027,Resane Foso Ascensor,D,ESTRUCTURA,SISTEMA MURO-PLACA,M2,2026,70108,6644.21,4093.35,4093.35,,7308.63,4707.35,4707.35
D028,Placa Aligerada Con Caseton Perdido (Incluye torta inferior),D,ESTRUCTURA,PLACAS,M2,2026,71210,56411.81,60209.44,55778.44,,62052.99,69240.86,69164.23
D029,Placa Aligerada Con Caseton Perdido (Incluye torta inferior y instalacion del Caseton),D,ESTRUCTURA,PLACAS,M2,2026,71211,,65161.07,,69566.00,,74935.23,74935.23
D003,Columnas en Concreto Seccion Transversal > 0.25 M2,D,ESTRUCTURA,COLUMNAS,M3,2026,06302,353182.60,406853.04,349261.43,343631.70,388500.87,467881.00,467881.00
D030,Placa Aligerada-Viga Descolgada Con Caseton Recuperable,D,ESTRUCTURA,PLACAS,M2,2026,71212,64909.52,74571.26,64844.67,,71400.48,85756.95,85756.95
D031,Placa Aligerada-Viga Descolgada Con Caseton Recuperable. Incluye Mano de Obra Caseton,D,ESTRUCTURA,PLACAS,M2,2026,71213,,91573.38,,74039.68,,105309.39,105309.39
D032,Placa con Viga Descolgada con encofrado doble fondo.,D,ESTRUCTURA,PLACAS,M2,2026,71214,74400.78,92201.48,80175.59,86116.77,81840.85,106031.71,106031.71
D033,Placa Rampa Vehicular Aerea Parqueadero,D,ESTRUCTURA,PLACAS,M2,2026,23402,80204.15,93147.74,80998.44,,88224.56,107119.90,107119.90
D034,Placa Maciza Aerea,D,ESTRUCTURA,PLACAS,M2,2026,06213,32181.05,37293.15,33499.35,31660.31,35399.15,42887.12,42887.12
D035,Placa Maciza Aerea Para tanques,D,ESTRUCTURA,PLACAS,M2,2026,06203,36759.24,44004.86,38209.68,35329.54,40435.17,50605.58,50605.58
D036,Placa Maciza De Fondo Tanques Y Piscinas,D,ESTRUCTURA,PLACAS,M2,2026,70925,38031.35,48405.34,42030.65,33559.94,41834.48,55666.14,55666.14
D037,Placa Steel Deck,D,ESTRUCTURA,PLACAS,M2,2026,60475,,71556.15,60549.06,52732.63,,82289.57,82289.57
D038,Fundida De Bajante ML,D,ESTRUCTURA,FUNDIDA BAJANTE,ML,2026,06702,13785.43,,,14488.64,15163.97,,
D039,Cobertuta Bajante H<=1.2m,D,ESTRUCTURA,FUNDIDA BAJANTE,UN,2026,71168,,,64221.12,,,,
D004,Viga Cinta o Viga de Cubierta (Viga H=10cm),D,ESTRUCTURA,VIGAS,ML,2026,60720,19832.23,22551.15,21492.83,18286.56,21815.45,25933.83,25933.83
D040,Cobertuta Bajante H>1.2m,D,ESTRUCTURA,FUNDIDA BAJANTE,UN,2026,71169,,,40138.20,,,,
D041,Resane Placa Parqueadero,D,ESTRUCTURA,RESANES,M2,2026,06211,3322.10,,3355.00,,3654.31,,
D042,"Descargue, Organización y Traslado de Hierro Recto, figurado y malla.",D,ESTRUCTURA,OTROS,KG,2026,60763,34.82,33.01,58.76,32.90,38.30,37.96,37.96
D043,Corte Y Figurada De Hierro.,D,ESTRUCTURA,OTROS,KG,2026,70115,320.13,335.48,319.04,311.94,352.14,385.80,385.80
D044,Mesón En Concreto,D,ESTRUCTURA,OTROS,ML,2026,06704,35666.57,40430.71,35752.78,32033.75,39233.23,46495.32,46495.32
D045,Bases Meson Cocina-Piedras / Fundida Dado Urbanismo,D,ESTRUCTURA,OTROS,UN,2026,60485,33866.74,,21444.14,18166.52,37253.41,,
D046,Tie Back - Dado De Anclaje,D,ESTRUCTURA,OTROS,UN,2026,70680,,,82066.83,,,,
D047,Tie back - Viga de Corona,D,ESTRUCTURA,VIGAS,ML,2026,70679,,,24797.36,,,,
D048,Tie Back - Muro De Contención,D,ESTRUCTURA,MUROS,M3,2026,70678,,382252.72,371827.65,,,439590.63,439590.63
D049,Dado de Arranque Muros Estructurales Primer Piso,D,ESTRUCTURA,OTROS,ML,2026,70639,19908.96,25153.78,21276.32,18529.71,21899.85,28926.85,28926.85
D005,Viga Cinta o Viga de Cubierta (Viga H=25cm),D,ESTRUCTURA,VIGAS,ML,2026,71209,25781.90,29324.95,25810.94,22524.47,28360.09,33723.70,33723.70
D050,Piso 1 - Arranque + Muro en Metalex y Placa en Outinor,D,ESTRUCTURA,OTROS,M2,2026,71257,,,81795.06,,,,
D051,Piso 1 - Arranque + Muro en Metalex y Placa en Metalex,D,ESTRUCTURA,OTROS,M2,2026,71258,,,91938.59,,,,
D052,Dilataciones Espina De Pescado,D,ESTRUCTURA,OTROS,M2,2026,60946,7538.34,8281.95,8056.07,7016.10,8292.17,9524.24,9524.24
D053,Corte Piso Antepiso,D,ESTRUCTURA,OTROS,ML,2026,71221,8267.30,,,,9094.03,,
D054,Corte Para Dilatación De Piso En Concreto,D,ESTRUCTURA,OTROS,ML,2026,70162,1847.31,2175.45,1891.56,1938.09,2032.04,2501.77,2501.77
D055,Endurecida de Pisos con helicoptero,D,ESTRUCTURA,OTROS,M2,2026,71259,6104.45,8697.64,6422.11,6580.37,6714.89,10002.29,10002.29
D056,Endurecida de Pisos con Llana,D,ESTRUCTURA,OTROS,M2,2026,71260,,,3102.47,,,,
D057,Instalación Cinta Pvc,D,ESTRUCTURA,OTROS,ML,2026,70681,4812.04,5623.00,22024.69,5198.94,5293.24,6466.45,6466.45
D058,Carcamo En Concreto,D,ESTRUCTURA,OTROS,ML,2026,70456,51744.86,65281.87,56766.85,,56919.35,75074.16,75074.16
D059,"Pase+Refuerzo Desnatadores, Inyectores",D,ESTRUCTURA,OTROS,UN,2026,70926,25073.86,27912.91,27151.65,23646.58,27581.24,32099.84,32099.84
D006,Viga Aerea,D,ESTRUCTURA,VIGAS,ML,2026,06404,58057.18,66016.36,55839.93,54394.35,63862.90,75918.82,75918.82
D060,Subida Vertical sin Torre Grúa,D,ESTRUCTURA,OTROS,M2,2026,20206,6484.17,,6147.93,5188.39,7132.59,,
D061,Instalación Mamparas Valor por Piso (Entre 4 y 6 Aptos por Piso),D,ESTRUCTURA,OTROS,UN,2026,70556,99589.54,,,91655.88,109548.49,,
D062,Instalación Mamparas Valor por Piso (Entre 8 y 12 Aptos por Piso),D,ESTRUCTURA,OTROS,UN,2026,71140,132786.05,,,122207.83,146064.66,,
D063,Instalación Mamparas ML,D,ESTRUCTURA,OTROS,ML,2026,71261,6989.25,8373.25,7608.81,,7688.17,9629.23,9629.23
D064,Entarimado en Guadua,D,ESTRUCTURA,OTROS,M2,2026,71262,,,25705.51,,,,
D065,Escalera en Concreto Reforzado Estructura Outinor,D,ESTRUCTURA,ESCALERAS,M2,2026,60469,136284.89,152659.90,135835.52,116331.61,149913.38,175558.88,175558.88
D066,Escalera en Concreto Reforzado Estructura Tradicional,D,ESTRUCTURA,ESCALERAS,M2,2026,60072,,152659.90,155468.37,138317.29,,175558.88,175558.88
D067,Dilataciones Muro-Placa Escaleras,D,ESTRUCTURA,ESCALERAS,ML,2026,76088,,3151.06,,,,3623.72,3623.72
D068,Escaleras Fundidas sobre Tierra,D,ESTRUCTURA,ESCALERAS,M2,2026,06608,49427.57,,54303.29,,54370.33,,
D069,Dilatacion culata estructura mano portable,D,ESTRUCTURA,SISTEMA MURO-PLACA,ML,2026,75501,,,2899.50,,,,
D007,Viga Descolgada,D,ESTRUCTURA,VIGAS,ML,2026,06405,41884.56,53017.74,44845.05,41276.00,46073.01,60970.40,60970.40
D070,Pergola en Concreto,D,ESTRUCTURA,PERGOLA,M2,2026,76051,,98583.15,98583.15,,,,113370.62
D071,"Resane Culatas, Patios, Etc - (formaleta Mano portable)",D,ESTRUCTURA,SISTEMA MURO-PLACA,M2,2026,76052,,,11161.81,,,,
D072,Endurecida de Pisos con Big Blue,D,ESTRUCTURA,OTROS,M2,2026,76053,,,3322.83,,,,
D073,Concreto Pulido Escaleras a la Vista,D,ESTRUCTURA,OTROS,UN,2026,76054,,239209.12,217462.84,,,275090.49,275090.49
D074,Preparacion prueba PIT,D,ESTRUCTURA,ESTRUCTURA,UN,2026,76055,73915.74,,,,81307.31,,
D075,Dados cubierta para andamios,D,ESTRUCTURA,ESTRUCTURA,UN,2026,76056,45070.38,,,,49577.41,,
D076,Ayudantes de bomba (Edificio de parqueaderos),D,ESTRUCTURA,OTROS,M2,2026,76057,764.65,,,,841.12,,
D077,Doble altura Placa con Viga Descolgada con encofrado doble fondo. (Centros comerciales-Edificios parqueaderos-Zonas Comunes),D,ESTRUCTURA,PLACAS,M2,2026,76058,14880.51,,,,16368.56,,
D078,Columnas en Concreto Seccion Transversal < 0.25 M2 H>3m,D,ESTRUCTURA,PLACAS,M3,2026,76059,,467149.34,,,,537221.74,537221.74
D079,Columnas en Concreto Seccion Transversal > 0.25 M2 H>3m,D,ESTRUCTURA,PLACAS,M3,2026,76060,,458171.70,,,,526897.46,526897.46
D008,Viga Canal,D,ESTRUCTURA,VIGAS,ML,2026,06406,,79736.37,70510.68,,,91696.83,91696.83
D080,Placa Aligerada-Viga Descolgada Con Caseton Recuperable H>3m,D,ESTRUCTURA,PLACAS,M2,2026,76061,,124696.65,,,,143401.15,143401.15
D081,"ANCLAJE EPÓXICO 1""",D,ESTRUCTURA,ESTRUCTURA SOTANOS,UN,2026,76062,,47359.88,,,,54463.86,54463.86
D082,"ANCLAJE EPÓXICO 3/4""",D,ESTRUCTURA,ESTRUCTURA SOTANOS,M2,2026,76063,,27077.01,,,,31138.56,31138.56
D083,"ANCLAJE EPÓXICO 3/8""",D,ESTRUCTURA,ESTRUCTURA SOTANOS,UN,2026,76064,,8146.84,,,,9368.86,9368.86
D084,"ANCLAJE EPÓXICO 5/8""",D,ESTRUCTURA,ESTRUCTURA SOTANOS,UN,2026,76065,,19330.46,,,,22230.03,22230.03
D085,"Anclajes a Pantallas o vigas de conectores de 1/2"" x 20,0 cms (Incluye epoxico)",D,ESTRUCTURA,ESTRUCTURA SOTANOS,UN,2026,76066,,17393.18,,,,20002.15,20002.15
D086,Escarificada Columnas para viga Rampa (Sección minima 1m X Ancho igual o inferior a 0.5m) x UND,D,ESTRUCTURA,ESTRUCTURA SOTANOS,UN,2026,76067,,17863.54,,,,20543.07,20543.07
D087,Escarificada pantallas y Rampas (Sección minima 1m X 0.5m),D,ESTRUCTURA,ESTRUCTURA SOTANOS,M2,2026,76068,,41467.48,,,,47687.60,47687.60
D088,"Placa de Contrapiso, Afinada y cortes de construccion y contracción",D,ESTRUCTURA,ESTRUCTURA SOTANOS,M2,2026,76069,,39634.12,,,,45579.24,45579.24
D089,Recalce estructural Viga Puntal,D,ESTRUCTURA,ESTRUCTURA SOTANOS,ML,2026,76070,,51093.25,,,,58757.24,58757.24
D009,Muro Armado 1 o 2 Caras / Muros de Contención,D,ESTRUCTURA,MUROS,M3,2026,06102,364457.43,427602.03,361687.09,363325.77,400903.17,491742.33,491742.33
D090,Viga cabezal pantalla preexcavada con Armadura de entrepiso acabado afinado y remate bajo viga,D,ESTRUCTURA,ESTRUCTURA SOTANOS,M3,2026,76071,,539657.21,,,,620605.79,620605.79
D091,Viga cinturon pantalla preexcavada acabado afinado y remate bajo viga,D,ESTRUCTURA,ESTRUCTURA SOTANOS,M3,2026,76072,,467398.77,,,,537508.58,537508.58
D092,Viga puntal T invertida,D,ESTRUCTURA,ESTRUCTURA SOTANOS,M3,2026,76073,,444479.59,,,,511151.53,511151.53
D093,Vigueta de soporte junta entre Contrapiso y Tanque,D,ESTRUCTURA,ESTRUCTURA SOTANOS,ML,2026,76074,,43285.40,,,,49778.22,49778.22
D095,Muro-Placa Estructura CHINA,D,ESTRUCTURA,SISTEMA MURO-PLACA,M2,2026,76167,,,66294.43,,,,
D096,Resane Muro-Placa CHINA,D,ESTRUCTURA,SISTEMA MURO-PLACA,M2,2026,76168,,,5870.09,,,,
D097,Terminación Muro-Placa Estructura CHINA,D,ESTRUCTURA,SISTEMA MURO-PLACA,M2,2026,76169,,,5283.08,,,,
D098,"Resane Culatas, Patios, Etc - (formaleta China)",D,ESTRUCTURA,SISTEMA MURO-PLACA,M2,2026,76170,,,9444.97,,,,
D099,Pavimento en Concreto placa,D,ESTRUCTURA,PLACAS,M2,2026,76171,,,5155.86,,,,
E001,Montante Pealpe,E,INSTALACIONES HIDRAULICAS Y SANITARIAS,GAS,ML,2026,70815,,10963.84,9967.13,,,12608.41,12608.41
E010,Tuberia Hidraulica Descolgada - Incluye Sum e Instal de Anclajes.,E,INSTALACIONES HIDRAULICAS Y SANITARIAS,HIDRAULICA,ML,2026,60925,32995.34,39748.60,35773.74,7548.55,36294.88,45710.89,45710.89
E100,"Cuello de ganzo, punto reventilacion, reducciones de velocidad",E,INSTALACIONES HIDRAULICAS Y SANITARIAS,SANITARIA,UN,2026,76080,12452.96,,,21266.75,13698.26,,
E101,Suministro e Instalación Anclaje para tuberia hidraulica,E,INSTALACIONES HIDRAULICAS Y SANITARIAS,ANCLAJES,UN,2026,76081,,,,4659.69,,,
E102,Corte+ranurada tuberia contraincendio,E,INSTALACIONES HIDRAULICAS Y SANITARIAS,RED CONTRA INCENDIO,UN,2026,76082,17021.94,,,,18724.14,,
E103,Pase en placa,E,INSTALACIONES HIDRAULICAS Y SANITARIAS,RED CONTRA INCENDIO,UN,2026,76083,6171.87,6789.06,,,6789.06,7807.42,7807.42
E105,Anclaje Sanitario con Cinta Bandit (CINTA > 40 cm),E,INSTALACIONES HIDRAULICAS Y SANITARIAS,ANCLAJES,UN,2026,76176,,,13810.73,,,,
E106,Inst Meson Acero Lavap+ Estufa,E,INSTALACIONES HIDRAULICAS Y SANITARIAS,INSTALACION APARATOS,UN,2026,76155,45718.49,,,,50290.34,,
E107,Prueba desinfeccion hidraulica,E,INSTALACIONES HIDRAULICAS Y SANITARIAS,MORTERO,ML,2026,70843,1795.82,,,,1975.40,,
E011,Red Hidraulica Torres,E,INSTALACIONES HIDRAULICAS Y SANITARIAS,HIDRAULICA,ML,2026,70667,2348.00,2476.15,2687.96,2782.32,2582.80,2847.57,2847.57
E012,Punto Hidraulico Sobre Muro en Concreto,E,INSTALACIONES HIDRAULICAS Y SANITARIAS,HIDRAULICA,UN,2026,11302,20659.45,25301.06,22371.43,24066.19,22725.39,29096.22,29096.22
E013,Punto Hidraulico Sobre Mampostería,E,INSTALACIONES HIDRAULICAS Y SANITARIAS,HIDRAULICA,UN,2026,60097,26787.91,28307.14,27365.79,27666.94,29466.70,32553.21,32553.21
E014,Prueba Hidraulica,E,INSTALACIONES HIDRAULICAS Y SANITARIAS,HIDRAULICA,UN,2026,11201,37018.56,35304.17,47211.42,46651.98,40720.41,40599.80,40599.80
E015,CINTA TEFL+SHELAC-FLAUT MED,E,INSTALACIONES HIDRAULICAS Y SANITARIAS,HIDRAULICA,UN,2026,71199,,,,109411.14,,,
E016,"Tuberia en PVC 2"", 3"", 4"" en Placa y Descolgada. Incluye Anclajes. SOTANOS - PARQUEADEROS",E,INSTALACIONES HIDRAULICAS Y SANITARIAS,SANITARIA,ML,2026,70697,23180.86,27925.36,24447.39,17907.29,25498.95,32114.17,32114.17
E017,"Tuberia en PVC 6"" en Placa y Descolgada. Incluye Anclajes. SOTANOS - PARQUEADEROS",E,INSTALACIONES HIDRAULICAS Y SANITARIAS,SANITARIA,ML,2026,60024,28976.08,34906.70,30559.23,20175.08,31873.68,40142.71,40142.71
E018,Punto Sanitario Sobre Muro en Concreto,E,INSTALACIONES HIDRAULICAS Y SANITARIAS,SANITARIA,UN,2026,11303,24905.92,26387.90,24445.30,24669.43,27396.51,30346.09,30346.09
E019,Punto Sanitario Sobre Mampostería,E,INSTALACIONES HIDRAULICAS Y SANITARIAS,SANITARIA,UN,2026,60098,27121.82,27958.09,29710.79,27718.58,29834.00,32151.81,32151.81
E002,Montante de Gas HG,E,INSTALACIONES HIDRAULICAS Y SANITARIAS,GAS,ML,2026,11202,11390.09,9109.89,12853.28,,12529.10,10476.37,10476.37
E020,Punto Sanitario Sifones Balcones / Ed Parqueadero y Comunales,E,INSTALACIONES HIDRAULICAS Y SANITARIAS,SANITARIA,UN,2026,71264,,13193.95,,,,15173.05,15173.05
E021,Prueba de Estanqueidad,E,INSTALACIONES HIDRAULICAS Y SANITARIAS,SANITARIA,UN,2026,60310,37018.47,27421.23,,38376.85,40720.32,31534.41,31534.41
E022,Sellado Puntos Sanitarios de Piso,E,INSTALACIONES HIDRAULICAS Y SANITARIAS,SANITARIA,UN,2026,71303,2317.89,2638.72,2444.53,,2549.68,3034.53,3034.53
E023,Instalación Gabinete Contra Incendio Tipo 3,E,INSTALACIONES HIDRAULICAS Y SANITARIAS,RED CONTRA INCENDIO,UN,2026,71224,159386.59,213338.53,213338.53,132298.03,175325.25,245339.31,245339.31
E024,Instalación Gabinete Contra Incendio Tipo 2,E,INSTALACIONES HIDRAULICAS Y SANITARIAS,RED CONTRA INCENDIO,UN,2026,16403,118712.11,170777.37,170777.37,144695.41,130583.32,196393.98,196393.98
E025,Instalación Caja Extintor,E,INSTALACIONES HIDRAULICAS Y SANITARIAS,RED CONTRA INCENDIO,UN,2026,71225,,,,23368.98,,,
E026,"Red Contraincendio 1""",E,INSTALACIONES HIDRAULICAS Y SANITARIAS,RED CONTRA INCENDIO,ML,2026,71226,8656.77,10324.29,9129.75,8418.88,9522.45,11872.94,11872.94
E027,"Red Contraincendio HG 1 1/2""",E,INSTALACIONES HIDRAULICAS Y SANITARIAS,RED CONTRA INCENDIO,ML,2026,71227,11253.80,13421.58,11868.67,10944.55,12379.18,15434.82,15434.82
E028,"Red Contraincendio HG 2""",E,INSTALACIONES HIDRAULICAS Y SANITARIAS,RED CONTRA INCENDIO,ML,2026,11216,14629.94,17448.05,15429.27,14227.91,16092.94,20065.26,20065.26
E029,"Red Contraincendio HG 2 1/2""",E,INSTALACIONES HIDRAULICAS Y SANITARIAS,RED CONTRA INCENDIO,ML,2026,71229,19018.92,22682.47,20058.05,18496.28,20920.82,26084.84,26084.84
E003,Red Interna y de Distribución Gas HG,E,INSTALACIONES HIDRAULICAS Y SANITARIAS,GAS,ML,2026,11101,7829.05,9720.96,10152.60,,8611.95,11179.11,11179.11
E030,"Red Contraincendio HG 3""",E,INSTALACIONES HIDRAULICAS Y SANITARIAS,RED CONTRA INCENDIO,ML,2026,11217,24724.60,29487.21,26075.47,24045.17,27197.06,33910.29,33910.29
E031,"Red Contraincendio HG 4""",E,INSTALACIONES HIDRAULICAS Y SANITARIAS,RED CONTRA INCENDIO,ML,2026,11218,32141.98,38333.38,33898.11,31258.72,35356.18,44083.38,44083.38
E032,"Red Contraincendio HG 6""",E,INSTALACIONES HIDRAULICAS Y SANITARIAS,RED CONTRA INCENDIO,ML,2026,71300,38570.38,46000.05,40677.73,37510.45,42427.41,52900.06,52900.06
E033,"Montante Red Incendio HG 3-4"" con Anclajes",E,INSTALACIONES HIDRAULICAS Y SANITARIAS,RED CONTRA INCENDIO,ML,2026,70283,31597.25,25713.14,36030.19,28403.20,33635.79,29570.12,29570.12
E034,"Montante Red Incendio HG 6"" con Anclajes",E,INSTALACIONES HIDRAULICAS Y SANITARIAS,RED CONTRA INCENDIO,ML,2026,71301,47127.38,30855.77,43649.68,39153.25,51840.12,35484.14,35484.14
E035,Hidrante Contra Incendio,E,INSTALACIONES HIDRAULICAS Y SANITARIAS,RED CONTRA INCENDIO,UN,2026,26101,215896.91,242599.91,226106.46,193430.44,237486.61,278989.90,278989.90
E036,Prueba Red Contra Incendio,E,INSTALACIONES HIDRAULICAS Y SANITARIAS,RED CONTRA INCENDIO,UN,2026,70816,49452.20,62927.54,53227.25,46356.02,54397.42,72366.68,72366.68
E037,Siamesa,E,INSTALACIONES HIDRAULICAS Y SANITARIAS,RED CONTRA INCENDIO,UN,2026,60321,257363.69,283787.78,297898.17,249449.51,283100.06,326355.95,326355.95
E038,Cabezal de Prueba,E,INSTALACIONES HIDRAULICAS Y SANITARIAS,RED CONTRA INCENDIO,UN,2026,70927,119612.07,126567.06,141651.45,131336.09,131573.27,145552.12,145552.12
E039,Instalación de Rociadores,E,INSTALACIONES HIDRAULICAS Y SANITARIAS,RED CONTRA INCENDIO,UN,2026,70928,26703.85,29153.31,28330.29,,29374.23,33526.31,33526.31
E004,Red Interna y de Distribución Gas Pealpe,E,INSTALACIONES HIDRAULICAS Y SANITARIAS,GAS,ML,2026,71222,4322.29,5782.91,4877.53,,4754.51,6650.35,6650.35
E040,Recubrimiento en Concreto Tubería Contraincendio,E,INSTALACIONES HIDRAULICAS Y SANITARIAS,RED CONTRA INCENDIO,ML,2026,71302,,,10545.16,,,,
E041,Estación de Control,E,INSTALACIONES HIDRAULICAS Y SANITARIAS,RED CONTRA INCENDIO,ML,2026,60829,,439781.40,,,,505748.62,505748.62
E042,Instalación Pomas Duchas y Llaves para Lavamanos y Lavaplatos,E,INSTALACIONES HIDRAULICAS Y SANITARIAS,INSTALACION APARATOS,UN,2026,13301,5072.53,5211.64,5099.63,5063.51,5579.78,5993.38,5993.38
E043,Ducha Proyectos SOLO Agua Fría,E,INSTALACIONES HIDRAULICAS Y SANITARIAS,INSTALACION APARATOS,UN,2026,71141,22421.57,25507.54,23612.37,23955.66,24663.73,29333.67,29333.67
E044,Instalación Aparatos Sanitarios,E,INSTALACIONES HIDRAULICAS Y SANITARIAS,INSTALACION APARATOS,UN,2026,70264,26806.67,28290.24,28518.12,27665.98,29487.34,32533.78,32533.78
E045,Instalación Sanitario de una Pieza,E,INSTALACIONES HIDRAULICAS Y SANITARIAS,INSTALACION APARATOS,UN,2026,70703,,,35180.99,,,,
E046,Instalación Estufa Tipo Cubierta,E,INSTALACIONES HIDRAULICAS Y SANITARIAS,INSTALACION APARATOS,UN,2026,13401,28768.84,12230.40,10619.73,,31645.73,14064.96,14064.96
E047,Instalación Estufa + Horno o Horno,E,INSTALACIONES HIDRAULICAS Y SANITARIAS,INSTALACION APARATOS,UN,2026,13402,28768.84,27537.61,24044.68,23915.31,31645.73,31668.26,31668.26
E048,Instalación Campana Extractora Bajo Mueble,E,INSTALACIONES HIDRAULICAS Y SANITARIAS,INSTALACION APARATOS,UN,2026,13403,25130.26,26714.02,26379.76,26329.61,27643.28,30721.12,30721.12
E049,Instalación Campana Extractora Bajo Placa / Instalación BBQ,E,INSTALACIONES HIDRAULICAS Y SANITARIAS,INSTALACION APARATOS,UN,2026,70673,50470.92,63244.16,56104.25,55997.59,55518.01,72730.79,72730.79
E005,Punto de Gas,E,INSTALACIONES HIDRAULICAS Y SANITARIAS,GAS,UN,2026,11301,20774.13,28548.22,24992.67,,22851.54,32830.45,32830.45
E050,Mezclador Ducha en Mamposteria,E,INSTALACIONES HIDRAULICAS Y SANITARIAS,INSTALACION APARATOS,UN,2026,13303,24281.24,24812.36,25216.48,31734.30,26709.37,28534.22,28534.22
E051,Mezclador Ducha en Concreto,E,INSTALACIONES HIDRAULICAS Y SANITARIAS,INSTALACION APARATOS,UN,2026,13310,24281.24,24812.36,25216.48,25168.54,26709.37,28534.22,28534.22
E052,Instalación de Lavadero Prefabricado,E,INSTALACIONES HIDRAULICAS Y SANITARIAS,INSTALACION APARATOS,UN,2026,04502,41401.63,44503.49,42939.88,38516.29,45541.80,51179.01,51179.01
E053,Instalación Pedestal Lavamanos,E,INSTALACIONES HIDRAULICAS Y SANITARIAS,INSTALACION APARATOS,UN,2026,60105,3586.86,,3750.45,,3945.54,,
E054,Instalación De Lavadero Fibra De Vidrio,E,INSTALACIONES HIDRAULICAS Y SANITARIAS,INSTALACION APARATOS,UN,2026,70818,27658.73,26714.02,31780.27,24278.82,30424.61,30721.12,30721.12
E055,Instalación Sanitario Con Fluxometro-Lavamanos Con Sensor-Orinal,E,INSTALACIONES HIDRAULICAS Y SANITARIAS,INSTALACION APARATOS,UN,2026,70819,,,35520.55,,,,
E056,Instalacion Calentador,E,INSTALACIONES HIDRAULICAS Y SANITARIAS,INSTALACION APARATOS,UN,2026,13404,,73211.75,,,,84193.51,84193.51
E057,"Instalación Caja, Contador y Acoples",E,INSTALACIONES HIDRAULICAS Y SANITARIAS,CONTADOR-VALVULAS,UN,2026,71153,72452.60,79267.93,119906.42,59702.19,79697.86,91158.12,91158.12
E058,Instalación Contador y Acoples,E,INSTALACIONES HIDRAULICAS Y SANITARIAS,CONTADOR-VALVULAS,UN,2026,26102,65827.19,,,,72409.91,,
E059,"Caja Valvula Vivienda y Zonas Comunales, h<50 cm",E,INSTALACIONES HIDRAULICAS Y SANITARIAS,CONTADOR-VALVULAS,UN,2026,11104,11894.90,,12432.72,11144.52,13084.39,,
E006,Prueba Gas,E,INSTALACIONES HIDRAULICAS Y SANITARIAS,GAS,UN,2026,11203,22558.01,27933.91,26846.43,,24813.81,32123.99,32123.99
E060,Instalación Caja y/o Tapa para Llave Lavadora o Valvulas de Gas.,E,INSTALACIONES HIDRAULICAS Y SANITARIAS,CONTADOR-VALVULAS,UN,2026,13305,6584.42,6813.17,6642.16,5999.19,7242.86,7835.15,7835.15
E061,Instalación Cajilla Medidor Agua,E,INSTALACIONES HIDRAULICAS Y SANITARIAS,CONTADOR-VALVULAS,UN,2026,70276,,,,45553.85,,,
E062,Instalacion Llave de Paso,E,INSTALACIONES HIDRAULICAS Y SANITARIAS,CONTADOR-VALVULAS,UN,2026,70279,6840.93,7615.51,6667.03,21775.61,7525.02,8757.84,8757.84
E063,"Valvulas, Hidrantes 2, 3 y 4""",E,INSTALACIONES HIDRAULICAS Y SANITARIAS,CONTADOR-VALVULAS,UN,2026,70255,40886.36,42189.02,41400.40,40372.43,44975.00,48517.37,48517.37
E064,"Valvulas, Hidrantes ≥ 6""",E,INSTALACIONES HIDRAULICAS Y SANITARIAS,CONTADOR-VALVULAS,UN,2026,60151,90924.07,93815.39,92004.71,89722.43,100016.48,107887.70,107887.70
E065,Valvula Ventosa,E,INSTALACIONES HIDRAULICAS Y SANITARIAS,CONTADOR-VALVULAS,UN,2026,60823,73168.89,81024.92,75062.05,69217.52,80485.78,93178.66,93178.66
E066,"Red Hidraulica 1""",E,INSTALACIONES HIDRAULICAS Y SANITARIAS,HIDRAULICA-URB,ML,2026,70282,7988.66,9806.88,8295.15,7224.31,8787.52,11277.91,11277.91
E067,"Red Hidraulica 2""-3""",E,INSTALACIONES HIDRAULICAS Y SANITARIAS,HIDRAULICA-URB,ML,2026,11207,9985.82,12258.60,10368.93,9030.38,10984.41,14097.39,14097.39
E068,"Red Hidraulica 4""",E,INSTALACIONES HIDRAULICAS Y SANITARIAS,HIDRAULICA-URB,ML,2026,11208,11723.18,14391.38,12172.95,10601.51,12895.50,16550.09,16550.09
E069,"Red Hidraulica 6""",E,INSTALACIONES HIDRAULICAS Y SANITARIAS,HIDRAULICA-URB,ML,2026,11209,16818.88,20750.90,17464.14,15209.65,18500.76,23863.54,23863.54
E007,Encamisado Tubería Gas,E,INSTALACIONES HIDRAULICAS Y SANITARIAS,GAS,ML,2026,70930,,1339.88,,,,1540.86,1540.86
E070,"Red Hidraulica 8""",E,INSTALACIONES HIDRAULICAS Y SANITARIAS,HIDRAULICA-URB,ML,2026,11210,20506.74,21959.66,20001.18,18544.66,22557.41,25253.61,25253.61
E071,Instalación de Medidor Totalizador,E,INSTALACIONES HIDRAULICAS Y SANITARIAS,HIDRAULICA-URB,UN,2026,60150,645480.08,657340.41,787701.94,673937.57,710028.09,755941.47,755941.47
E072,Instalacion canal amazonas,E,INSTALACIONES HIDRAULICAS Y SANITARIAS,HIDRAULICA-URB,ML,2026,60409,26901.43,,,,29591.58,,
E073,Punto empalme canal amazonas,E,INSTALACIONES HIDRAULICAS Y SANITARIAS,HIDRAULICA-URB,UN,2026,60527,12839.50,,,,14123.45,,
E074,Bajante canal amazonas,E,INSTALACIONES HIDRAULICAS Y SANITARIAS,HIDRAULICA-URB,ML,2026,60528,6731.37,,,,7404.51,,
E075,"Red Sanitaria/Hidraulica 2""-3""-4"" -6""",E,INSTALACIONES HIDRAULICAS Y SANITARIAS,HIDRAULICA-URB,ML,2026,71230,,,,24995.58,,,
E076,Red de Gas Exterior,E,INSTALACIONES HIDRAULICAS Y SANITARIAS,GAS - URB,ML,2026,11204,16819.01,19248.34,19220.46,,18500.91,22135.59,22135.59
E077,"Sacanucleos 2"" (Steel Deck)",E,INSTALACIONES HIDRAULICAS Y SANITARIAS,ANCLAJES,CM,2026,70668,4868.64,5850.45,5571.86,4354.00,5355.50,6728.02,6728.02
E078,"Sacanucleos 2 1/2"" (Steel Deck)",E,INSTALACIONES HIDRAULICAS Y SANITARIAS,ANCLAJES,CM,2026,70669,6085.80,7313.07,6964.83,5442.52,6694.38,8410.03,8410.03
E079,"Sacanucleos 3"" x cm profundidad (Steel Deck)",E,INSTALACIONES HIDRAULICAS Y SANITARIAS,ANCLAJES,CM,2026,70670,7302.96,8775.68,8357.79,6531.02,8033.25,10092.03,10092.03
E008,Recubrimiento en Concreto Tubería Gas,E,INSTALACIONES HIDRAULICAS Y SANITARIAS,GAS,ML,2026,71223,,,6021.76,,,,
E080,"Sacanucleos 4"" profundidad (Steel Deck)",E,INSTALACIONES HIDRAULICAS Y SANITARIAS,ANCLAJES,CM,2026,70671,9737.28,11700.91,11143.72,8708.02,10711.00,13456.05,13456.05
E081,"Sacanucleos 6"" profundidad (Steel Deck)",E,INSTALACIONES HIDRAULICAS Y SANITARIAS,ANCLAJES,CM,2026,70672,14605.91,17551.36,16715.59,13062.02,16066.51,20184.07,20184.07
E082,Anclaje Montante RCI,E,INSTALACIONES HIDRAULICAS Y SANITARIAS,ANCLAJES,ML,2026,75502,,15449.47,,,,17766.89,17766.89
E083,Anclaje Montante Hidraulica,E,INSTALACIONES HIDRAULICAS Y SANITARIAS,ANCLAJES,ML,2026,75503,,11369.58,,,,13075.02,13075.02
E084,Anclaje Montante GAS,E,INSTALACIONES HIDRAULICAS Y SANITARIAS,ANCLAJES,ML,2026,75504,,12279.14,,,,14121.02,14121.02
E085,Anclaje Medidor - Contador Agua,E,INSTALACIONES HIDRAULICAS Y SANITARIAS,ANCLAJES,UN,2026,75505,,85271.84,,,,98062.61,98062.61
E086,Anclaje Bajante Sanitario,E,INSTALACIONES HIDRAULICAS Y SANITARIAS,ANCLAJES,ML,2026,75506,,11317.82,,,,13015.49,13015.49
E087,Anclaje Sanitario con Cinta Bandit (CINTA < 40 cm),E,INSTALACIONES HIDRAULICAS Y SANITARIAS,ANCLAJES,UN,2026,70518,9323.52,9692.57,10953.49,9989.09,10255.88,11146.45,11146.45
E088,Suministro E Instalación Anclaje Tipo Pera,E,INSTALACIONES HIDRAULICAS Y SANITARIAS,ANCLAJES,UN,2026,70820,17221.73,22665.61,20232.48,23656.69,18943.90,26065.45,26065.45
E089,Suministro E Instalación Anclaje Tipo Varilla Roscada +canaleta / Tipo TECNA,E,INSTALACIONES HIDRAULICAS Y SANITARIAS,ANCLAJES,UN,2026,70519,22086.27,28294.55,25947.45,34095.81,24294.90,32538.73,32538.73
E009,Montante Hidraulica - Incluye el Suministro del Anclaje,E,INSTALACIONES HIDRAULICAS Y SANITARIAS,HIDRAULICA,ML,2026,60526,12704.99,10801.10,14540.09,13042.29,13975.48,12421.26,12421.26
E090,"Suministro e Instalación Anclaje Antisismico 6""",E,INSTALACIONES HIDRAULICAS Y SANITARIAS,ANCLAJES,UN,2026,70824,,328357.49,337074.94,278169.85,,377611.11,377611.11
E091,"Suministro e Instalación Anclaje Antisismico 4""",E,INSTALACIONES HIDRAULICAS Y SANITARIAS,ANCLAJES,UN,2026,70823,,273631.24,280895.78,231808.20,,314675.92,314675.92
E092,Tapon + Collarin + Llenado tubería,E,INSTALACIONES HIDRAULICAS Y SANITARIAS,OTROS,UN,2026,71154,,299435.80,,,,344351.17,344351.17
E093,Instalación Desnatadores,E,INSTALACIONES HIDRAULICAS Y SANITARIAS,OTROS,UN,2026,70931,97742.56,,97928.74,85286.87,107516.82,,
E094,Anclaje abrasadera galvanizada gas,E,INSTALACIONES HIDRAULICAS Y SANITARIAS,ANCLAJES,UN,2026,75507,,,5476.74,,,,
E095,Anclaje fundido en concreto,E,INSTALACIONES HIDRAULICAS Y SANITARIAS,ANCLAJES,UN,2026,76075,,,13381.99,,,,
E096,"Red Sanitaria/Hidraulica <1""",E,INSTALACIONES HIDRAULICAS Y SANITARIAS,DESAGUES,ML,2026,76076,,,3282.97,,,,
E097,Red sanitaria golpe de alvio,E,INSTALACIONES HIDRAULICAS Y SANITARIAS,OTROS,UN,2026,76077,,,12222.30,,,,
E098,"Tuberia 4"" PEAD",E,INSTALACIONES HIDRAULICAS Y SANITARIAS,HIDRAULICA-URB,ML,2026,76078,11456.79,,,13111.77,12602.47,,
E099,Accesorios PEAD,E,INSTALACIONES HIDRAULICAS Y SANITARIAS,HIDRAULICA-URB,UN,2026,76079,78434.96,,,13111.77,86278.46,,
F01,Castillos/Dovela Mampostería Reforzada,F,MAMPOSTERIA,CASTILLOS/DOVELAS,ML,2026,60604,4574.32,5243.80,5119.83,5395.18,5117.85,6030.38,6030.38
F10,Mamposteria Ladrillo a La Vista de Perforación Vertical (10-15 Bloques por Metro Cuadrado),F,MAMPOSTERIA,LADRILLOS-BLOQUES,M2,2026,71308,29783.43,38151.60,23820.11,29449.38,33326.18,43874.34,43874.34
F11,Mamposteria Ladrillo a La Vista de Perforación Vertical (20-30 Bloques por Metro Cuadrado),F,MAMPOSTERIA,LADRILLOS-BLOQUES,M2,2026,71309,34639.22,44456.68,34189.53,35001.36,38759.69,51125.18,51125.18
F12,Mamposteria Ladrillo a La Vista de Perforación Vertical (30-40 Bloques por Metro Cuadrado),F,MAMPOSTERIA,LADRILLOS-BLOQUES,M2,2026,71310,37860.84,48639.85,36418.23,37199.21,42365.12,55935.83,55935.83
F13,Mamposteria Ladrillo a La Vista de Perforación Vertical (40-50 Bloques por Metro Cuadrado),F,MAMPOSTERIA,LADRILLOS-BLOQUES,M2,2026,71311,41725.81,53241.34,42126.55,42751.19,46690.30,61227.54,61227.54
F14,Mamposteria Ladrillo a La Vista de Perforación Vertical (50-65 Bloques por Metro Cuadrado),F,MAMPOSTERIA,LADRILLOS-BLOQUES,M2,2026,71312,48017.13,61827.46,47068.32,61460.03,53728.90,71101.58,71101.58
F15,Mamposteria Ladrillo Gran Formato (39 x 11.5 x 5 ),F,MAMPOSTERIA,LADRILLOS-BLOQUES,M2,2026,70539,61653.87,53241.34,52247.00,52924.92,68989.21,61227.54,61227.54
F16,"Mampostería Ladrillo en Sucio H>2,50 M (10-15 Bloques por Metro Cuadrado) - Sin Mezcla",F,MAMPOSTERIA,LADRILLOS-BLOQUES,M2,2026,71313,,26628.23,,,,30622.47,30622.47
F17,"Mampostería Ladrillo en Sucio H<2,50 M (10-15 Bloques por Metro Cuadrado) - Sin Mezcla",F,MAMPOSTERIA,LADRILLOS-BLOQUES,M2,2026,71314,,22892.48,,,,26326.35,26326.35
F18,Mampostería Cemento Sotanos - Sin Mezcla,F,MAMPOSTERIA,LADRILLOS-BLOQUES,M2,2026,71315,,36817.26,,,,42339.85,42339.85
F19,Limpieza Mamposteria,F,MAMPOSTERIA,LADRILLOS-BLOQUES,M2,2026,70649,3872.50,,,,4333.19,,
F02,Castillos/Dovela Mampostería Reforzada - Sin Mezcla,F,MAMPOSTERIA,CASTILLOS/DOVELAS,ML,2026,71304,,4820.95,,,,5544.09,5544.09
F20,Mamposteria Ladrillo a La Vista de Perforación Vertical (10-15 Bloques por Metro Cuadrado) - Sin Mezcla,F,MAMPOSTERIA,LADRILLOS-BLOQUES,M2,2026,71316,,37453.49,,,,43071.52,43071.52
F21,Mamposteria Ladrillo a La Vista de Perforación Vertical (20-30 Bloques por Metro Cuadrado) - Sin Mezcla,F,MAMPOSTERIA,LADRILLOS-BLOQUES,M2,2026,71317,,43758.57,,,,50322.35,50322.35
F22,Mamposteria Ladrillo a La Vista de Perforación Vertical (30-40 Bloques por Metro Cuadrado) - Sin Mezcla,F,MAMPOSTERIA,LADRILLOS-BLOQUES,M2,2026,71318,,47941.74,,,,55133.00,55133.00
F23,Mamposteria Ladrillo a La Vista de Perforación Vertical (40-50 Bloques por Metro Cuadrado) - Sin Mezcla,F,MAMPOSTERIA,LADRILLOS-BLOQUES,M2,2026,71319,,52543.23,,,,60424.71,60424.71
F24,Mamposteria Ladrillo a La Vista de Perforación Vertical (50-65 Bloques por Metro Cuadrado) - Sin Mezcla,F,MAMPOSTERIA,LADRILLOS-BLOQUES,M2,2026,71320,,61129.35,,,,70298.75,70298.75
F25,Buitron en Mamposteria en Sucio,F,MAMPOSTERIA,LADRILLOS-BLOQUES,M2,2026,71266,26178.13,30770.12,,25755.47,29292.11,35385.64,35385.64
F27,Mamposteria y Friso Marco Entrada Ascensor M2,F,MAMPOSTERIA,LADRILLOS-BLOQUES,M2,2026,70631,68120.08,77912.97,,41339.00,76224.10,89599.92,89599.92
F28,Hueco y nivelación de botonera,F,MAMPOSTERIA,LADRILLOS-BLOQUES,UN,2026,70648,41241.52,,37769.65,35447.80,46148.15,,
F29,Mamposteria y Friso Gabinetes,F,MAMPOSTERIA,LADRILLOS-BLOQUES,M2,2026,70632,89089.05,,86588.94,76143.63,99687.43,,
F03,Castillos/Dovelas Sin Refuerzo,F,MAMPOSTERIA,CASTILLOS/DOVELAS,ML,2026,60283,,3564.35,,,,4099.00,4099.00
F30,Bordillo en Mampostería y Friso,F,MAMPOSTERIA,BORDILLOS,ML,2026,70805,16959.78,19633.69,16071.47,15453.75,18977.91,22578.74,22578.74
F31,Bordillo en Concreto ML,F,MAMPOSTERIA,BORDILLOS,ML,2026,60308,30860.33,35723.86,29242.34,30999.34,34531.99,41082.44,41082.44
F32,Alfajia en Concreto,F,MAMPOSTERIA,ALFAJIAS,ML,2026,06502,12146.72,16378.10,13496.36,18599.61,13591.13,18834.82,18834.82
F33,Alfajia en Concreto Doble,F,MAMPOSTERIA,ALFAJIAS,ML,2026,06503,28490.51,32586.28,37211.94,34099.28,31880.00,37474.22,37474.22
F34,Dintel en Concreto,F,MAMPOSTERIA,DINTEL,ML,2026,60335,13799.27,16914.99,14988.29,14282.95,15440.58,19452.24,19452.24
F35,Dintel Descolgado en Mamposteria a la Vista,F,MAMPOSTERIA,DINTEL,ML,2026,70567,35613.97,34692.71,34692.92,,39850.67,39896.62,39896.62
F36,Dintel Descolgado en Concreto,F,MAMPOSTERIA,DINTEL,ML,2026,06403,42461.54,47519.11,43199.19,,47512.87,54646.98,54646.98
F37,Columneta Formaleteada 2 Caras,F,MAMPOSTERIA,COLUMNETAS,ML,2026,06303,18013.52,23151.87,20189.60,27899.41,20157.02,26624.65,26624.65
F38,"Columneta Formaleteada 2 Caras, Altura Mayor a 2,50 m",F,MAMPOSTERIA,COLUMNETAS,ML,2026,70637,19011.62,29224.89,23689.16,27899.41,21273.36,33608.62,33608.62
F39,Instalación Taquetes Madera,F,MAMPOSTERIA,OTROS,UN,2026,14403,2482.08,,2917.63,,2777.52,,
F04,Castillos/Dovelas Sin Refuerzo - Sin Mezcla,F,MAMPOSTERIA,CASTILLOS/DOVELAS,ML,2026,71305,,3139.50,,,,3610.43,3610.43
F40,Viga Canchada Bloque en Horizontal,F,MAMPOSTERIA,OTROS,ML,2026,70078,16333.87,17307.15,15911.44,,18276.85,19903.22,19903.22
F41,Viga Canchada en Tolete,F,MAMPOSTERIA,OTROS,ML,2026,60637,25894.75,33383.60,25225.06,26349.44,28975.63,38391.14,38391.14
F42,Pisante Mamposteria en Limpio,F,MAMPOSTERIA,OTROS,ML,2026,04216,15696.73,22414.09,20041.72,22164.53,17563.78,25776.21,25776.21
F43,Fachaleta Anclada M2,F,MAMPOSTERIA,OTROS,M2,2026,10108,33089.25,39787.42,52903.39,54248.85,37025.08,45755.53,45755.53
F44,Fachaleta ML,F,MAMPOSTERIA,OTROS,ML,2026,10110,18929.49,24604.41,25276.23,32549.31,21181.23,28295.07,28295.07
F45,Elaboración Lavatrapero,F,MAMPOSTERIA,OTROS,UN,2026,70807,77766.67,90421.22,80649.42,82843.02,87017.69,103984.40,103984.40
F46,Detallada y Embone Mampostería Entrega a la Vista,F,MAMPOSTERIA,OTROS,UN,2026,70831,,51454.70,128849.84,,,59172.91,59172.91
F47,Elaboración Dilatación en Muro - Sikaseal,F,MAMPOSTERIA,OTROS,ML,2026,71321,4582.62,5241.42,4699.06,4344.14,5127.72,6027.63,6027.63
F48,Elaboración Dilatación en Muro - Mortero,F,MAMPOSTERIA,OTROS,ML,2026,60054,4582.62,5241.42,4699.06,4344.14,5127.72,6027.63,6027.63
F49,Elaboración Dilatación en Techo - Sikaseal,F,MAMPOSTERIA,OTROS,ML,2026,71322,3031.18,3466.94,3108.20,2873.44,3391.77,3986.98,3986.98
F05,Mampostería Ladrillo en Sucio Edificios Comunales (10-15 Bloques por Metro Cuadrado),F,MAMPOSTERIA,LADRILLOS-BLOQUES,M2,2026,71142,26668.12,27114.91,18165.21,21976.90,29840.93,31182.15,31182.15
F50,Buitron Mamposteria pega en papelillo,F,MAMPOSTERIA,OTROS,UN,2026,71323,,,,173609.40,,,
F51,Instalación Mesón Acero Inoxidable Proyectos VIS,F,MAMPOSTERIA,OTROS,UN,2026,71194,,35472.87,33392.42,,,40793.80,40793.80
F52,Instalación Piedras para Mesón + Anclaje,F,MAMPOSTERIA,OTROS,UN,2026,71231,,,95039.72,,,,
F53,Poyo Concreto Gabinetes Eléctricos,F,MAMPOSTERIA,OTROS,ML,2026,60322,,44379.68,37978.96,,,51036.63,51036.63
F54,Buitron en Mamposteria en Sucio (cemento),F,MAMPOSTERIA,LADRILLOS-BLOQUES,UN,2026,75511,31131.24,30770.14,,,34835.12,35385.66,35385.66
F55,Replanteo en mamposteria,F,MAMPOSTERIA,OTROS,ML,2026,04403,,,4851.24,,,,
F56,"Bordillo en Concreto ML H=0,45m",F,MAMPOSTERIA,BORDILLOS,ML,2026,76085,,,31941.21,,,,
F57,Mamposteria + Friso Nicho,F,MAMPOSTERIA,LADRILLOS-BLOQUES,UN,2026,76086,,,71674.59,,,,
F58,Biselado Ascensor Mampostería,F,MAMPOSTERIA,LADRILLOS-BLOQUES,UN,2026,76087,,,6034.25,,,,
F59,Subida de Material Mampostería,F,MAMPOSTERIA,OTROS,M2,2026,60742,,,1626.64,,,,
F06,"Mampostería Ladrillo en Sucio H>2,50 M (10-15 Bloques por Metro Cuadrado)",F,MAMPOSTERIA,LADRILLOS-BLOQUES,M2,2026,71306,26668.12,27114.91,18165.21,23378.03,29840.93,31182.15,31182.15
F60,Filos y Dilataciones friso interno,F,MAMPOSTERIA,OTROS,ML,2026,05201,,3958.17,3441.89,,,4551.90,4551.90
F61,Instalación Malla Friso,F,MAMPOSTERIA,OTROS,ML,2026,05116,,,3254.78,,,,
F62,Filos y Dilataciones Friso Fachada,F,MAMPOSTERIA,OTROS,ML,2026,05202,,4717.82,5100.21,,,5425.49,5425.49
F63,Adecuación Quicio de Ascensor,F,MAMPOSTERIA,LADRILLOS-BLOQUES,UN,2026,76089,,,45602.00,,,,
F64,Mampostería Cemento Apartamentos - SIN MEZCLA,F,MAMPOSTERIA,LADRILLOS-BLOQUES,M2,2026,76090,,28786.48,,,,33104.45,33104.45
F65,Fachaleta ML placas (tradicional),F,MAMPOSTERIA,OTROS,ML,2026,76091,,40325.00,,,,46373.75,46373.75
F66,Elaboracion Malla RAM,F,MAMPOSTERIA,LADRILLOS-BLOQUES,ML,2026,60507,650.60,,,,727.76,,
F67,"Mampostería Ladrillo en Sucio H<2,50 M (16 Bloques por Metro Cuadrado, bloque U10)",F,MAMPOSTERIA,LADRILLOS-BLOQUES,M2,2026,76177,,,21460.89,,,,
F07,"Mampostería Ladrillo en Sucio H<2,50 M (10-15 Bloques por Metro Cuadrado)",F,MAMPOSTERIA,LADRILLOS-BLOQUES,M2,2026,71307,22846.76,24781.91,15137.67,19811.89,25565.16,28499.20,28499.20
F08,Mampostería Cemento Sótanos,F,MAMPOSTERIA,LADRILLOS-BLOQUES,M2,2026,60634,,37660.97,26171.03,29004.49,,43310.12,43310.12
F09,Mampostería Cemento Apartamentos,F,MAMPOSTERIA,LADRILLOS-BLOQUES,M2,2026,71232,27489.54,29630.19,,,30759.65,34074.72,34074.72
G01,Friso/Pañete Fachada Edificio M2,G,PAÑETES,FRISOS/PAÑETES,M2,2026,05106,26079.64,23742.89,23743.15,26284.11,29182.61,27304.33,27304.33
G10,Friso/Pañete M2 Interno Sobre Concreto (Chafarreo + Friso) - Sin Mezcla,G,PAÑETES,FRISOS/PAÑETES,M2,2026,71327,,17218.78,,,,19801.60,19801.60
G11,Friso Borde de Placa,G,PAÑETES,FRISOS/PAÑETES,ML,2026,71268,,19008.37,17280.57,,,21859.63,21859.63
G12,Chafarreo / Champeo,G,PAÑETES,FRISOS/PAÑETES,M2,2026,60053,5124.86,5896.92,3464.52,3308.53,5733.97,6781.46,6781.46
G13,Goteros,G,PAÑETES,OTROS,ML,2026,05301,6507.20,12325.22,7995.87,5888.55,7281.63,14174.01,14174.01
G14,Embone/Encorose,G,PAÑETES,OTROS,ML,2026,07205,3204.66,5594.35,4579.35,4389.27,3585.40,6433.51,6433.51
G15,Canto en Maposteria / Carteras o Volteos en Friso,G,PAÑETES,OTROS,ML,2026,60536,5686.03,6092.84,3690.08,10124.15,6362.91,7006.77,7006.77
G16,Abuzardado de Muros,G,PAÑETES,OTROS,M2,2026,60369,,,,3263.26,,,
G17,Regatas,G,PAÑETES,OTROS,ML,2026,60495,5916.07,,,2390.66,6619.30,,
G18,Resane Regata,G,PAÑETES,OTROS,ML,2026,70808,5687.31,,,3187.53,6364.25,,
G19,Repello Acrilico (Algamasa),G,PAÑETES,OTROS,M2,2026,70948,14899.88,,,15264.93,16673.10,,
G02,Friso/Pañete Fachada Edificio - Sin Mezcla,G,PAÑETES,FRISOS/PAÑETES,M2,2026,71324,,19490.06,,,,22413.57,22413.57
G20,Embone cara interna baranda de balcon en vidrio,G,PAÑETES,OTROS,ML,2026,76092,,,3954.34,,,,
G21,Embone cara externa baranda de balcon en vidrio,G,PAÑETES,OTROS,ML,2026,76093,,,12466.28,,,,
G22,Friso/Pañete Fachada Edificio - Sobre concreto M2,G,PAÑETES,FRISOS/PAÑETES,M2,2026,76094,,31065.78,,,,35725.64,35725.64
G23,Friso/Pañete Fachada Edificio - Sobre concreto - Sin Mezcla M2,G,PAÑETES,FRISOS/PAÑETES,M2,2026,76095,,24793.11,,,,28512.08,28512.08
G24,Friso/Pañete Fachada Edificio - Sobre concreto ML,G,PAÑETES,FRISOS/PAÑETES,ML,2026,76096,,18639.47,,,,21435.39,21435.39
G25,Friso/Pañete Fachada Edificio - Sobre concreto - Sin Mezcla ML,G,PAÑETES,FRISOS/PAÑETES,ML,2026,76097,,11183.68,,,,15546.03,15546.03
G26,Friso/Pañete Fachada Edificio ML,G,PAÑETES,FRISOS/PAÑETES,ML,2026,05107,,14245.74,,,,16382.60,16382.60
G27,Friso/Pañete Fachada Edificio - Sin Mezcla ML,G,PAÑETES,FRISOS/PAÑETES,ML,2026,76101,,11694.04,,,,13448.14,13448.14
G28,"Friso/Pañete Muros H<2,50 m ML",G,PAÑETES,FRISOS/PAÑETES,ML,2026,76099,,9927.09,,,,11416.15,11416.15
G29,"Friso/Pañete Muros H<2,50 m - Sin Mezcla ML",G,PAÑETES,FRISOS/PAÑETES,ML,2026,76100,,8374.04,,,,9630.14,9630.14
G03,"Friso/Pañete Muros H<2,50 m",G,PAÑETES,FRISOS/PAÑETES,M2,2026,70098,15809.08,16545.15,12302.38,13688.14,17689.30,19026.92,19026.92
G31,Friso/Pañete Muros Edificios Comunales ML,G,PAÑETES,FRISOS/PAÑETES,ML,2026,76103,,12280.40,,,,14122.45,14122.45
G32,"Friso/Pañete Muros H>2,50 m ML",G,PAÑETES,FRISOS/PAÑETES,ML,2026,76104,,12280.40,,,,14122.45,14122.45
G33,"Friso/Pañete Muros H>2,50 m - Sin Mezcla ML",G,PAÑETES,FRISOS/PAÑETES,ML,2026,76105,,9210.30,,,,10591.84,10591.84
G34,Friso/Pañete Fachada Estampado Edificio,G,PAÑETES,FRISOS/PAÑETES,M2,2026,76178,,,40364.11,,,,
G35,Embone interno de ventanas (mampostero / estructura),G,PAÑETES,OTROS,ML,2026,76146,5442.72,5442.72,,,5986.99,6259.12,6259.12
G36,Embone externo de ventanas (pintor),G,PAÑETES,OTROS,ML,2026,76147,5442.72,5986.99,,,5986.99,6885.04,6885.04
G37,Relleno / sellado de bordillo para instalacion de baranda en vidrio,G,PAÑETES,OTROS,ML,2026,76228,5617.83,,,,5986.99,,
G38,CARGUE DE MARCO CORTA-FUEGO,G,PAÑETES,OTROS,UN,2026,76218,,38999.53,,52649.37,,,
G04,"Friso/Pañete Muros H<2,50 m - Sin Mezcla",G,PAÑETES,FRISOS/PAÑETES,M2,2026,71325,,13956.73,,,,16050.24,16050.24
G05,Friso/Pañete Muros Edificios Comunales,G,PAÑETES,FRISOS/PAÑETES,M2,2026,71143,15809.08,17389.28,15120.89,,17689.30,19997.67,19997.67
G06,"Friso/Pañete Muros H>2,50 m",G,PAÑETES,FRISOS/PAÑETES,M2,2026,70650,15809.08,17998.53,15120.89,,17689.30,20698.31,20698.31
G07,"Friso/Pañete Muros H>2,50 m - Sin Mezcla",G,PAÑETES,FRISOS/PAÑETES,M2,2026,71326,,16802.68,,,,19323.08,19323.08
G08,Detallada Friso Entrega Apartamento,G,PAÑETES,FRISOS/PAÑETES,M2,2026,71328,1740.30,1583.63,221480.51,1520.90,1946.93,1821.18,1821.18
G09,Friso/Pañete M2 Interno Sobre Concreto (Chafarreo + Friso),G,PAÑETES,FRISOS/PAÑETES,M2,2026,70111,15809.08,19221.80,16543.21,,17689.30,22105.07,22105.07
H01,Mortero con dilatación,H,PISOS Y ENCHAPES,MORTERO,M2,2026,09105,12151.00,13723.39,12881.25,12552.59,13366.10,15781.89,15781.89
H10,Piso Gravilla ML,H,PISOS Y ENCHAPES,PISOS,ML,2026,70246,15663.86,17101.73,15693.69,14290.90,17230.24,19666.99,19666.99
H11,Piso En Tableta,H,PISOS Y ENCHAPES,PISOS,M2,2026,09208,16309.90,17754.91,16223.19,16061.02,17940.89,20418.14,20418.14
H12,Piso Gravilla + Tableta,H,PISOS Y ENCHAPES,PISOS,M2,2026,09210,52276.48,56678.46,55647.95,,57504.13,65180.23,65180.23
H13,Piso Tableta Etrusca Dimensiones 7x25,H,PISOS Y ENCHAPES,PISOS,M2,2026,70212,23686.90,28805.09,24474.47,,26055.59,33125.85,33125.85
H14,Piso En Tablon,H,PISOS Y ENCHAPES,PISOS,M2,2026,09209,17609.06,15797.80,14190.62,13384.18,19369.97,18167.47,18167.47
H15,Piso O Enchape En Cristanac M2 Zonas Sociales Humedas,H,PISOS Y ENCHAPES,PISOS,M2,2026,70659,25216.41,29857.21,25972.79,,27738.05,34335.79,34335.79
H16,Piso O Enchape En Cristanac ML Zonas Sociales Humedas,H,PISOS Y ENCHAPES,PISOS,ML,2026,70660,15129.84,17914.33,15583.67,12874.02,15954.75,20601.47,20601.47
H17,Piso En Marmol (mano de obra),H,PISOS Y ENCHAPES,PISOS,M2,2026,70642,109814.27,,123319.90,,120795.70,,
H18,Piso M-Flex (Gimnasio),H,PISOS Y ENCHAPES,PISOS,M2,2026,60382,,,,16844.72,,,
H19,Guardaescoba En Ceramica,H,PISOS Y ENCHAPES,GUARDAESCOBA,ML,2026,09203,5832.96,6661.94,5844.07,5181.13,6416.26,7661.23,7661.23
H02,Mortero - Sin Mezcla,H,PISOS Y ENCHAPES,MORTERO,M2,2026,71329,,11915.99,,,,13703.39,13703.39
H20,Guardaescoba En Porcelanato,H,PISOS Y ENCHAPES,GUARDAESCOBA,ML,2026,60092,7976.01,9595.99,8116.77,7298.94,8773.61,11035.39,11035.39
H21,Guardaescoba En Tableta,H,PISOS Y ENCHAPES,GUARDAESCOBA,ML,2026,09217,5695.61,6662.09,6169.34,5385.17,6265.18,7661.41,7661.41
H22,Guardaescoba En Tablon,H,PISOS Y ENCHAPES,GUARDAESCOBA,ML,2026,09204,3280.65,5881.04,5518.48,3550.37,3608.71,6763.19,6763.19
H23,Guardaescoba M-Flex (Gimnasio),H,PISOS Y ENCHAPES,GUARDAESCOBA,ML,2026,71102,,,,4256.54,,,
H24,Enchape En Ceramica,H,PISOS Y ENCHAPES,ENCHAPE,M2,2026,10104,17000.11,22290.64,15633.56,17581.68,18700.12,25634.24,25634.24
H25,Enchape Ceramica Rectificada,H,PISOS Y ENCHAPES,ENCHAPE,M2,2026,70222,19167.43,23979.00,20237.12,19174.60,21084.17,27575.85,27575.85
H26,Enchape En Porcelanato,H,PISOS Y ENCHAPES,ENCHAPE,M2,2026,60513,23687.04,31337.99,24261.33,,26055.74,36038.69,36038.69
H27,Detallada Enchape Piso-Muro Entrega Apartamento,H,PISOS Y ENCHAPES,OTROS,M2,2026,71110,1661.78,1665.32,1593.90,1576.02,1827.96,1915.12,1915.12
H28,Enchape Ceramica Meson Cocina M2,H,PISOS Y ENCHAPES,ENCHAPE,M2,2026,10106,16872.49,20812.93,17242.35,17799.36,18559.74,23934.86,23934.86
H29,Enchape Ceramica Meson Cocina ML,H,PISOS Y ENCHAPES,ENCHAPE,ML,2026,10107,9973.53,12487.76,10008.77,9705.24,10970.88,14360.92,14360.92
H03,Media Caña en Mortero,H,PISOS Y ENCHAPES,MEDIA CAÑA,ML,2026,60093,4943.75,5876.59,4970.71,4487.15,5438.12,6758.07,6758.07
H30,Enchape Bordillo Balcón ML,H,PISOS Y ENCHAPES,ENCHAPE,ML,2026,71170,,,23561.82,,,,
H31,Enchape Tunguragua,H,PISOS Y ENCHAPES,ENCHAPE,M2,2026,70640,53525.52,,58031.24,52545.36,58878.07,,
H32,Enchape Tunguragua con Anclaje,H,PISOS Y ENCHAPES,ENCHAPE,M2,2026,71103,83508.89,,115698.12,78250.56,91859.78,,
H33,Enchape Pizarra Negra Fachada Anclada,H,PISOS Y ENCHAPES,ENCHAPE,M2,2026,70641,,,81411.27,,,,
H34,Piedra laja Anclada (gran reserva),H,PISOS Y ENCHAPES,ENCHAPE,M2,2026,71148,,,104715.83,,,,
H35,Piedra Laja Estampillada,H,PISOS Y ENCHAPES,ENCHAPE,M2,2026,71104,,,58076.39,,,,
H36,Enchape En Granito (Mano de Obra),H,PISOS Y ENCHAPES,ENCHAPE,M2,2026,70643,,,93446.28,,,,
H37,Enchape Lavatrapero,H,PISOS Y ENCHAPES,ENCHAPE,UN,2026,60177,61560.87,81020.59,68531.25,68473.60,67716.95,93173.68,93173.68
H38,Cenefa Punto Fijo (Ceramica),H,PISOS Y ENCHAPES,CENEFAS,ML,2026,71105,,,5185.49,5181.13,,,
H39,Cenefa Punto Fijo (Porcelanato),H,PISOS Y ENCHAPES,CENEFAS,ML,2026,71106,,,9362.59,9354.72,,,
H04,Media Caña en Gravilla,H,PISOS Y ENCHAPES,MEDIA CAÑA,ML,2026,07304,20605.23,24397.40,20644.48,16861.89,23589.66,28057.01,28057.01
H40,Cenefa Punto Fijo (Granito Fundido TC),H,PISOS Y ENCHAPES,CENEFAS,ML,2026,71107,,,,26743.06,,,
H41,Cenefa Punto Fijo (Gravilla),H,PISOS Y ENCHAPES,CENEFAS,ML,2026,71108,,,,16861.89,,,
H42,Mortero para Paso Escalera,H,PISOS Y ENCHAPES,PASOS,ML,2026,60738,12177.01,14620.69,12732.89,14361.16,13394.71,16813.80,16813.80
H43,Paso en Ceramica,H,PISOS Y ENCHAPES,PASOS,ML,2026,09205,22501.26,25816.19,23634.01,26407.30,24751.38,29688.62,29688.62
H44,Paso en Porcelanato,H,PISOS Y ENCHAPES,PASOS,ML,2026,60480,36201.21,41711.10,38082.48,37162.36,39821.33,47967.77,47967.77
H45,Paso en tablon o tableta,H,PISOS Y ENCHAPES,PASOS,ML,2026,09206,20681.19,24098.85,21714.51,20215.81,22749.31,27713.68,27713.68
H46,Poyo/Burro Ducha División de Baño - (Bordillo),H,PISOS Y ENCHAPES,REALCE MORTERO,ML,2026,09103,17746.65,22719.47,19217.26,17343.64,19521.32,26127.39,26127.39
H47,Realce en Mortero,H,PISOS Y ENCHAPES,REALCE MORTERO,ML,2026,09108,7769.88,9595.99,8344.34,7296.49,8546.87,11035.39,11035.39
H48,Esmaltada Pisos en Concreto,H,PISOS Y ENCHAPES,ESMALTADA,M2,2026,09201,1533.86,1816.16,1536.79,1522.68,1687.25,2088.58,2088.58
H49,Terminacion Placa Esmaltada Proyectos VIS,H,PISOS Y ENCHAPES,ESMALTADA,M2,2026,09211,766.93,908.08,768.39,,843.63,1044.29,1044.29
H05,Media Caña en Gravilla Pulida,H,PISOS Y ENCHAPES,MEDIA CAÑA,ML,2026,71331,26896.99,30877.88,26948.22,22990.72,30792.70,35509.57,35509.57
H50,Instalación de Incrustaciones Sobre Ceramica,H,PISOS Y ENCHAPES,INCRUSTACIONES,UN,2026,13101,5681.30,7985.80,7768.01,4963.30,6249.43,9183.67,9183.67
H51,Instalación de Incrustaciones Sobre Porcelanato,H,PISOS Y ENCHAPES,INCRUSTACIONES,UN,2026,70663,6231.52,7985.80,8352.72,6331.44,6854.67,9183.67,9183.67
H52,Rejillas Pisos con Pulidora (Trompo),H,PISOS Y ENCHAPES,REJILLAS,UN,2026,13203,9232.12,12394.69,11363.47,8304.62,10155.33,14253.90,14253.90
H53,Rejilla Ventilacion Instalada en Fachada,H,PISOS Y ENCHAPES,REJILLAS,UN,2026,13205,28075.19,32355.34,34037.48,28307.51,30882.71,37208.64,37208.64
H54,Rejillas Ventilación Interna En Muro,H,PISOS Y ENCHAPES,REJILLAS,UN,2026,60104,5871.13,7827.85,7116.58,,6458.24,9002.03,9002.03
H55,Acabado Tapas Eléctricas en Gravilla,H,PISOS Y ENCHAPES,OTROS,M2,2026,71109,,97207.25,,,,111788.34,111788.34
H56,Empapelada/Encartonada Pisos MANO DE OBRA,H,PISOS Y ENCHAPES,OTROS,M2,2026,71111,3008.89,626.99,530.54,2104.29,3309.78,721.03,721.03
H57,Empapelada/Encartonada Pisos TODO COSTO,H,PISOS Y ENCHAPES,OTROS,M2,2026,71112,6073.43,,,,6680.78,,
H58,Instalación Pasos y Pasamanos Piscina,H,PISOS Y ENCHAPES,OTROS,UN,2026,71158,132579.94,141548.16,135449.98,121802.43,145837.94,162780.39,162780.39
H59,Impermeabilización Zonas Humedas: Baños y Cocinas,H,PISOS Y ENCHAPES,OTROS,M2,2026,23301,1903.94,4791.07,1907.57,1456.51,2094.34,5509.73,5509.73
H06,Piso En Ceramica,H,PISOS Y ENCHAPES,PISOS,M2,2026,09221,16621.56,20812.93,15561.46,17581.68,18283.72,23934.86,23934.86
H60,Detallada De Cuadricula Para Instalación De Caja Llaves De Lavadora O Valvulas De Gas,H,PISOS Y ENCHAPES,OTROS,UN,2026,70683,13192.69,16608.05,15076.37,12178.51,14511.95,19099.26,19099.26
H61,Instalación Tapa Registro O Rejilla De Ventilación,H,PISOS Y ENCHAPES,OTROS,UN,2026,25317,4902.28,5610.37,4911.62,4907.49,5392.51,6451.92,6451.92
H62,Instalación Perfil Plastico (WIN),H,PISOS Y ENCHAPES,OTROS,ML,2026,10113,2041.14,3454.56,2922.04,2481.64,2245.25,3972.74,3972.74
H63,Rebrechada,H,PISOS Y ENCHAPES,OTROS,M2,2026,60457,1144.17,,1396.28,1372.50,1258.58,,
H64,Mortero cubierta,H,PISOS Y ENCHAPES,MORTERO,UN,2026,76106,14581.75,16869.42,,13530.80,16039.93,19399.84,19399.84
H66,Enchape En Ceramica ML,H,PISOS Y ENCHAPES,ENCHAPE,ML,2026,10105,,12487.76,,,,14360.92,14360.92
H67,Enchape Ceramica Rectificada ML,H,PISOS Y ENCHAPES,ENCHAPE,ML,2026,70223,,14387.40,,,,16545.51,16545.51
H68,Enchape En Porcelanato ML,H,PISOS Y ENCHAPES,ENCHAPE,ML,2026,60514,,18802.79,,,,21623.21,21623.21
H69,Biselado enchape,H,PISOS Y ENCHAPES,ENCHAPE,ML,2026,37344,,,4491.97,,,,
H07,Piso En Porcelanato,H,PISOS Y ENCHAPES,PISOS,M2,2026,60094,23686.90,27104.19,24474.47,23921.63,26055.59,31169.82,31169.82
H08,Piso Ceramica Rectificada,H,PISOS Y ENCHAPES,PISOS,M2,2026,71101,,,,18136.05,,,
H09,Piso Gravilla M2,H,PISOS Y ENCHAPES,PISOS,M2,2026,09207,40727.53,43137.57,41540.15,35388.87,44800.28,49608.20,49608.20
I01,Pintura Foso Ascensor,I,PINTURA,PINTURA FOSO ASCENSOR,M2,2026,19401,3435.45,4276.18,3853.15,5779.07,3778.99,4926.81,4926.81
I10,Pintura Borde de Placa Graniplast,I,PINTURA,PINTURA FACHADA,ML,2026,71270,,,8290.18,,,,
I11,Relleno Muro/Losa Concreto,I,PINTURA,ESTUCO,M2,2026,71113,,,,9599.02,,,
I12,Estuco Tradicional Incluye Filos y Dilataciones.,I,PINTURA,ESTUCO,M2,2026,19201,8646.08,9489.09,8305.60,7590.50,9510.69,10422.75,10422.75
I13,Estuco Listo Incluye Filos y Dilataciones,I,PINTURA,ESTUCO,M2,2026,70579,9973.54,,13498.39,9700.34,11541.38,,
I14,Dilataciones y filos en Estuco,I,PINTURA,ESTUCO,ML,2026,19203,,,3369.23,2800.64,,,
I15,Revoque Sobre Mamposteria (Sin Friso),I,PINTURA,ESTUCO,M2,2026,60554,6052.54,,6343.70,,6657.62,,
I16,Estuco - Placa,I,PINTURA,ESTUCO,M2,2026,19205,6022.12,7138.90,5697.28,,6968.80,7644.09,7644.09
I17,Caracoleado placa/ Carraplast - Con Empaste,I,PINTURA,PINTURA INTERNA,M2,2026,70314,15787.79,,13772.70,13662.20,17366.56,,
I18,Caracoleado placa/ Carraplast,I,PINTURA,PINTURA INTERNA,M2,2026,71114,,8525.19,,,,9822.33,9822.33
I19,"Pintura Primera Mano - Tipo 2 (PINTUCO, ESTRATOS 4-5-6)",I,PINTURA,PINTURA INTERNA,M2,2026,71144,4128.47,3568.67,3139.67,5214.78,4541.32,3839.00,3839.00
I02,Empaste de Graniplast,I,PINTURA,PINTURA FACHADA,M2,2026,19302,5682.10,4120.62,5341.87,7452.56,6250.30,4746.77,4746.77
I20,"Pintura Segunda Mano - Tipo 2 (PINTUCO, ESTRATOS 4-5-6)",I,PINTURA,PINTURA INTERNA,M2,2026,71145,4889.14,4543.93,4014.72,6021.77,5378.05,4968.61,4968.61
I21,"Pintura Tercera Mano - Tipo 1 (PINTUCO, CUALQUIER ESTRATO)",I,PINTURA,PINTURA INTERNA,M2,2026,71146,5207.05,6071.20,5701.40,4848.21,5727.76,6618.73,6618.73
I22,Pintura Tercera Mano - Tipo 1 Detallada Pintura Entrega Apartamento. PINTUCO,I,PINTURA,PINTURA INTERNA,M2,2026,71116,578.56,606.32,552.56,606.02,636.42,658.66,658.66
I23,Pintura Tubo Metalico,I,PINTURA,PINTURA METALICA,ML,2026,19116,3066.53,,3895.50,3551.92,3373.18,,
I24,Pintura Pasamanos,I,PINTURA,PINTURA METALICA,ML,2026,19109,6585.54,,6946.51,5999.39,7244.09,,
I25,Pintura Barandas Metalicas Balcon o Escalera,I,PINTURA,PINTURA METALICA,M2,2026,60512,15297.96,,17379.53,,16403.53,,
I26,Pintura Rejas Cerramiento,I,PINTURA,PINTURA METALICA,M2,2026,19111,17977.44,,23198.05,20695.36,19276.65,,
I27,Pintura De Perlines,I,PINTURA,PINTURA METALICA,ML,2026,19130,19810.49,,22505.57,,21242.17,,
I28,Pintura Metalica,I,PINTURA,PINTURA METALICA,M2,2026,19108,10899.05,,14275.44,13016.56,11686.71,,
I29,Pintura Marco Metálico Puerta,I,PINTURA,PINTURA METALICA,ML,2026,19106,4446.11,,5355.25,5311.07,4767.43,,
I03,Graniplast,I,PINTURA,PINTURA FACHADA,M2,2026,19303,15357.21,21155.11,17081.11,19386.23,16892.93,22706.45,22706.45
I30,Pintura Anticorrosiva M2,I,PINTURA,PINTURA METALICA,M2,2026,60826,5899.83,,6702.81,,6326.21,,
I31,Pintura Anticorrosiva ML,I,PINTURA,PINTURA METALICA,ML,2026,60827,3872.98,4782.12,4399.78,,4152.88,5509.74,5509.74
I32,"Pintura Tubería RCI 1""-1 1/4""",I,PINTURA,PINTURA METALICA,ML,2026,71117,8487.70,9068.65,9134.93,,9101.09,10448.48,10448.48
I33,"Pintura Tubería RCI 1 1/2""-2 1/4""",I,PINTURA,PINTURA METALICA,ML,2026,71118,8623.24,9213.47,9280.91,,9246.43,10615.33,10615.33
I34,"Pintura Tubería RCI 2 1/2""-3 1/4""",I,PINTURA,PINTURA METALICA,ML,2026,71119,8757.35,9356.76,9424.47,,9390.24,10780.42,10780.42
I35,"Pintura Tubería RCI 3 1/2""-4 1/4""",I,PINTURA,PINTURA METALICA,ML,2026,71120,8891.47,9500.05,9569.24,,9534.04,10945.52,10945.52
I36,Pintura Gris Basalto M2,I,PINTURA,PINTURA PARQUEADERO,M2,2026,60553,4955.63,5308.09,6364.80,5001.16,5313.77,6115.74,6115.74
I37,Pintura Gris Basalto ML,I,PINTURA,PINTURA PARQUEADERO,ML,2026,19103,4396.07,4864.58,4669.12,4783.01,4713.77,5604.74,5604.74
I38,Pintura Linea Parqueaderos En Piso,I,PINTURA,PINTURA PARQUEADERO,ML,2026,19101,6373.76,5184.59,5194.80,5498.79,6834.39,5973.45,5973.45
I39,Pintura Parqueaderos Muro,I,PINTURA,PINTURA PARQUEADERO,ML,2026,60122,2476.81,5187.31,2991.90,2284.19,2655.81,5976.58,5976.58
I04,Dilatación en Graniplast,I,PINTURA,PINTURA FACHADA,ML,2026,60914,,2777.45,,,,3199.49,3199.49
I40,Pintura Numeracion De Parqueaderos (Tipo Trafico),I,PINTURA,PINTURA PARQUEADERO,UN,2026,19117,2235.44,2615.92,2405.58,1944.81,2396.99,3013.94,3013.94
I41,Pintura Topellantas Por Unidad De Parqueadero,I,PINTURA,PINTURA PARQUEADERO,UN,2026,70689,7605.35,11555.75,20176.67,6030.88,8154.98,12124.22,12124.22
I42,Cebras Blanco Y Negro,I,PINTURA,PINTURA PARQUEADERO,M2,2026,70595,7622.51,9415.44,50669.19,6611.05,8173.39,10848.03,10848.03
I43,Pintura Logo De Minusvalidos.,I,PINTURA,PINTURA PARQUEADERO,UN,2026,70351,23218.66,28800.79,26773.39,21412.00,24896.65,33182.93,33182.93
I44,Pintura Logo De Minusvalidos. - Todo el parqueadero,I,PINTURA,PINTURA PARQUEADERO,UN,2026,71121,117242.36,125267.18,127539.54,103848.77,125715.34,144327.02,144327.02
I45,Pintura Flechas- Pare Parqueadero,I,PINTURA,PINTURA PARQUEADERO,UN,2026,60643,45576.88,51530.63,49052.61,39091.01,48870.67,59371.20,59371.20
I46,Tratamiento Fisuras Aptos Pintados,I,PINTURA,OTROS,ML,2026,71171,,,,6445.23,,,
I47,Tratamiento Fisuras Aptos Obra Negra,I,PINTURA,OTROS,ML,2026,71172,,,,3515.58,,,
I48,Dinteles descolgados internos apartamento(Relleno+Estuco+3manos de pintura),I,PINTURA,OTROS,ML,2026,70949,,,,11514.67,,,
I49,Cenefa Carraplast,I,PINTURA,OTROS,ML,2026,71147,,1004.91,,,,1157.81,1157.81
I05,Repintura de Graniplast,I,PINTURA,PINTURA FACHADA,M2,2026,19305,7363.56,8807.04,8019.37,8426.75,8099.91,10145.30,10145.30
I50,Pva sobre Concreto,I,PINTURA,OTROS,M2,2026,70687,375.48,,427.44,,402.62,,
I51,Pintura Tuberia de Gas,I,PINTURA,OTROS,ML,2026,70688,2151.66,2391.06,2138.96,,2307.15,2754.87,2754.87
I52,Pintura Tubería PVC - Sanitaria,I,PINTURA,OTROS,ML,2026,70344,4476.24,5060.98,4635.02,4517.37,4799.73,5831.02,5831.02
I53,Estuco + Pintura Epoxica 2 Manos,I,PINTURA,OTROS,M2,2026,60734,46265.11,27337.53,50543.23,,49608.64,27651.69,27651.69
I54,"Pintura Primera Mano - Tipo 2 (DIFERENTE A PINTUCO, ESTRATOS 1-2-3)",I,PINTURA,PINTURA INTERNA,M2,2026,75508,,,3038.74,,,,
I56,Estuco Acrilico Primera Mano,I,PINTURA,PINTURA INTERNA,M2,2026,76132,,,13905.49,,,,
I57,Esuco Acrilico Segunda Mano,I,PINTURA,PINTURA INTERNA,M2,2026,76133,,,10487.74,,,,
I58,Estuco Acrilico Tercera Mano,I,PINTURA,PINTURA INTERNA,M2,2026,76134,,,10487.74,,,,
I59,Acrolatex,I,PINTURA,PINTURA INTERNA,M2,2026,76135,,,6650.86,,,,
I06,Plastiestuco (Estuco Plástico+2 Manos de Pintura Exterior),I,PINTURA,PINTURA FACHADA,M2,2026,70334,26617.13,25638.59,26572.17,28022.84,29278.84,29539.59,29539.59
I60,Pintura Acrilica,I,PINTURA,PINTURA INTERNA,M2,2026,76136,,,7681.85,,,,
I61,Graniplast + imprimante (Pintuco),I,PINTURA,PINTURA FACHADA,M2,2026,76137,,23144.88,22238.70,,,24723.49,24723.49
I62,"Pintura Tubería RCI 6""",I,PINTURA,PINTURA METALICA,ML,2026,76131,,,15504.42,,,,
I63,Pintura Exterior Fachada,I,PINTURA,OTROS,M2,2026,76138,,,,16844.38,,,
I64,Anticorrosivo + Pintura Ganchos de Seguridad Cubierta,I,PINTURA,PINTURA METALICA,UN,2026,76139,,,,7370.41,,,
I65,Sellado de ventanas,I,PINTURA,ESTUCO,UN,2026,76107,4351.19,4882.00,,,4786.31,5614.30,5614.30
I66,Pintura Sobre Friso Estampado (3 manos de pintura koraza),I,PINTURA,PINTURA FACHADA,M2,2026,76180,,,24788.93,,,,
I67,Pintura de alta asepsia,I,PINTURA,PINTURA INTERNA,M2,2026,37346,,,7569.35,,,,
I68,Aplicación Pintura Epóxica para Escaleras - Placa en Concreto,I,PINTURA,OTROS,M2,2026,76230,38025.67,,,,41828.24,,
I07,Estuco Plástico,I,PINTURA,PINTURA FACHADA,M2,2026,19204,7220.12,7876.56,7499.37,,7942.13,9076.12,9076.12
I08,Plastiestuco (Estuco Plástico+2 Manos de Pintura Koraza),I,PINTURA,PINTURA FACHADA,M2,2026,60975,27542.19,27524.23,29568.21,,30296.41,29095.21,29095.21
I09,Pintura Borde de Placa Plastiestuco,I,PINTURA,PINTURA FACHADA,ML,2026,71269,,,16058.22,,,,
J01,Instalación Puerta de Madera,J,CARPINTERIA,INSTALACION PUERTA,UN,2026,14201,81884.18,87669.47,57041.75,,90072.59,100819.89,100819.89
J10,Instalacion Shut Provisional,J,CARPINTERIA,INSTALACION PUERTA,ML,2026,76153,48668.22,,,,63658.03,,
J11,Des-Instalación Shut Provisional,J,CARPINTERIA,INSTALACION PUERTA,ML,2026,76154,24334.11,,,,26767.52,,
J02,Instalación Puerta Metalica,J,CARPINTERIA,INSTALACION PUERTA,UN,2026,15201,39121.03,,43544.60,14650.03,43033.13,,
J03,Instalación Puerta Cortafuego,J,CARPINTERIA,INSTALACION PUERTA,UN,2026,15301,262067.09,177783.46,214197.33,,288273.80,177783.46,177783.46
J04,Instalación Puerta Provisional,J,CARPINTERIA,INSTALACION PUERTA,UN,2026,70685,18250.58,,32866.50,,26159.17,,
J05,Instalación Tubo Metálico,J,CARPINTERIA,INSTALACION TUBO METALICO,UN,2026,60115,3865.69,,4368.62,,4252.26,,
J06,Instalación Ventana Metalica,J,CARPINTERIA,INSTALACION VENTANAS,UN,2026,15302,19664.71,,,26521.78,21631.18,,
J07,Llenado Puerta Cortafuego,J,CARPINTERIA,INSTALACION PUERTA,UN,2026,76108,,109769.19,115477.19,,,126234.57,126234.57
J09,des-Instalación Puerta Provisional,J,CARPINTERIA,INSTALACION PUERTA,UN,2026,36771,12993.20,,,,14292.64,,
K01,Replanteo Zanja Excavación con Retro,K,ALCANTARILLADO,REPLANTEO,M2,2026,24213,4443.46,5686.88,4930.03,,4887.81,6539.91,6539.91
K10,"Base Pozo Concreto y Cañuela Diametro 1,20 m",K,ALCANTARILLADO,POZO INSPECCION,UN,2026,25301,109787.00,136876.51,118850.69,98852.83,120765.70,157407.98,157407.98
K11,"Base Pozo Concreto y Cañuela Diametro 1,80 m",K,ALCANTARILLADO,POZO INSPECCION,UN,2026,70674,153701.80,191627.11,166390.97,98852.83,169071.98,220371.17,220371.17
K12,"Cilindro en Concreto Reforzado Diametro <= 1,20 m Pozo de Inspección",K,ALCANTARILLADO,POZO INSPECCION,ML,2026,25402,282268.36,365742.50,309363.22,244250.49,310495.19,420603.87,420603.87
K13,"Cilindro en Concreto Reforzado Diametro >=1,80 m Pozo Inspección",K,ALCANTARILLADO,POZO INSPECCION,ML,2026,70675,282268.36,416270.52,352102.34,244250.49,310495.19,478711.10,478711.10
K14,"Corona Pozo de Inspeccion d= 1,20 m",K,ALCANTARILLADO,POZO INSPECCION,UN,2026,25303,70651.83,88084.89,74506.59,62340.23,77717.02,101297.63,101297.63
K15,"Corona Pozo de Inspeccion d= 1,80 m",K,ALCANTARILLADO,POZO INSPECCION,UN,2026,70704,98912.57,123318.85,104309.22,87276.31,108803.82,141816.68,141816.68
K16,"Mamposteria Pozo de Inspeccion Diametro <1,20 m",K,ALCANTARILLADO,POZO INSPECCION,ML,2026,25305,108136.15,134818.32,114036.05,,118949.77,155041.06,155041.06
K17,"Mamposteria Pozo de Inspeccion Diametro > 1,20 m",K,ALCANTARILLADO,POZO INSPECCION,ML,2026,70676,127795.30,159328.29,134767.80,,140574.83,183227.53,183227.53
K18,Detallada de Pozos de Concreto,K,ALCANTARILLADO,POZO INSPECCION,UN,2026,70521,108750.50,135584.26,117728.62,95956.89,119625.55,155921.89,155921.89
K19,Pozo Novacam 1000MM-600MM,K,ALCANTARILLADO,POZO INSPECCION,UN,2026,70832,,139391.76,,,,160300.53,160300.53
K02,Relleno Arena Bajo Tuberia,K,ALCANTARILLADO,RELLENO,M3,2026,60297,12698.84,15832.22,14089.39,13739.09,13968.72,18207.06,18207.06
K20,Pozo Novacam 400MM-315MM,K,ALCANTARILLADO,POZO INSPECCION,UN,2026,70833,,99562.53,,,,114496.90,114496.90
K21,Sumidero Fundido,K,ALCANTARILLADO,SUMIDERO,ML,2026,25307,484989.74,684968.47,608260.69,321210.26,533488.72,787713.74,787713.74
K22,Camara de Caida,K,ALCANTARILLADO,OTROS,ML,2026,25302,38289.55,41510.73,40378.62,33785.09,42118.50,47737.34,47737.34
K23,Tuberia en Concreto x Pulgadas,K,ALCANTARILLADO,POZO INSPECCION,ML,2026,76109,,4653.66,,,,5351.70,5351.70
K24,Base Pozo Prefabricado,K,ALCANTARILLADO,POZO INSPECCION,UN,2026,76110,,24815.97,,,,28538.37,28538.37
K03,Relleno con Triturado 3/4 Base Tuberia,K,ALCANTARILLADO,RELLENO,M3,2026,70413,15933.96,20331.15,17678.76,17236.93,17527.36,23380.82,23380.82
K04,Atraque Tuberia,K,ALCANTARILLADO,ATRAQUE,M3,2026,25204,50076.79,54289.60,55560.30,54173.73,55084.47,62433.03,62433.03
K05,Silla Yee,K,ALCANTARILLADO,SILLA YEE,UN,2026,25404,14322.84,17856.95,15891.23,13871.27,15755.13,20535.49,20535.49
K06,"Domiciliaria 4""",K,ALCANTARILLADO,DOMICILIARIA,ML,2026,25101,,,8415.81,6368.02,,,
K07,"Domiciliaria 6""",K,ALCANTARILLADO,DOMICILIARIA,ML,2026,25102,,,12623.72,6368.02,,,
K08,"Tuberia Novafor x Pulgada (d <= 21"")",K,ALCANTARILLADO,TUBERIA,ML,2026,71122,1055.54,2026.60,1762.26,1310.30,1161.09,2330.59,2330.59
K09,"Tuberia Novafor x Pulgada (d > 21"")",K,ALCANTARILLADO,TUBERIA,ML,2026,71123,1372.20,2634.58,2290.94,1637.88,1509.42,3029.77,3029.77
L01,Anden en Concreto Escobiado,L,VIAS Y ANDENES,ANDENES,M2,2026,27202,17558.59,14843.90,14360.13,13778.59,19314.44,17070.49,17070.49
L10,Anden Perimetral (cinta perimentral torres) / Pateras,L,VIAS Y ANDENES,ANDENES,ML,2026,23101,13216.83,13419.92,13436.32,8267.15,14538.51,15432.91,15432.91
L11,Canaleta en Concreto,L,VIAS Y ANDENES,CANALETA,ML,2026,27203,19085.91,23913.80,20628.20,19972.55,20994.50,27500.87,27500.87
L12,Base Poste de Luz en Gravilla,L,VIAS Y ANDENES,BASE POSTE,UN,2026,09212,51379.13,77982.35,67268.09,60180.37,56517.05,89679.70,89679.70
L13,Loseta Lisa o Toperol,L,VIAS Y ANDENES,LOSETA,M2,2026,70216,35108.10,17281.98,40447.89,16986.05,38618.91,19874.28,19874.28
L14,Instalación Loseta Guia Invidentes,L,VIAS Y ANDENES,LOSETA,ML,2026,70437,21203.79,11170.57,19726.24,11025.05,23324.17,12846.16,12846.16
L15,Cinta en Concreto o Cinta de Confinamiento para Adoquin,L,VIAS Y ANDENES,CINTA EN CONCRETO,ML,2026,60307,13257.47,15319.08,14328.78,13964.98,14583.22,17616.95,17616.95
L16,Instalación de Sardinel Prefabricado,L,VIAS Y ANDENES,SARDINEL,ML,2026,70438,22342.69,25370.47,34776.36,13964.98,24576.96,29176.04,29176.04
L17,Instalación de Bordillo Prefabricado,L,VIAS Y ANDENES,SARDINEL,ML,2026,27206,24893.13,27771.30,,,27382.44,31937.00,31937.00
L18,Preparacion Concreto Bordillo,L,VIAS Y ANDENES,SARDINEL,ML,2026,71235,737.87,,,,811.65,,
L19,Corte - Curva Bordillo,L,VIAS Y ANDENES,SARDINEL,ML,2026,71238,3072.05,,,,3379.25,,
L02,Anden en Concreto Escobiado + Loseta Guía,L,VIAS Y ANDENES,ANDENES,M2,2026,71173,,,44969.44,,,,
L20,Sardinel - Cuneta,L,VIAS Y ANDENES,SARDINEL,ML,2026,71239,31226.19,,,,34348.81,,
L21,Preparación Sardinel - Cuneta,L,VIAS Y ANDENES,SARDINEL,ML,2026,71237,3759.87,,,,4135.86,,
L22,Adicional Sardinel Cuneta Curva,L,VIAS Y ANDENES,SARDINEL,ML,2026,71240,4925.72,,,,5418.29,,
L23,Corte Sardinel Cuneta,L,VIAS Y ANDENES,SARDINEL,ML,2026,71241,3072.05,,,,3379.25,,
L24,Sardinel Redondeado,L,VIAS Y ANDENES,SARDINEL,ML,2026,71242,22290.80,,,,24519.88,,
L25,Preparacion Concreto Sardinel Redondeado,L,VIAS Y ANDENES,SARDINEL,ML,2026,71236,2139.82,,,,2353.80,,
L26,Corte Concreto Sardinel Redondeado,L,VIAS Y ANDENES,SARDINEL,ML,2026,71243,3072.05,,,,3379.25,,
L27,Pavimento en Adoquin Rectangular,L,VIAS Y ANDENES,PAVIMENTO,M2,2026,27301,,,29988.41,,,,
L28,Relleno Subbase Granular E=0.1,L,VIAS Y ANDENES,PAVIMENTO,M3,2026,71244,4222.04,,,,4644.25,,
L29,Corte + Sello Placa Concreto TC,L,VIAS Y ANDENES,PAVIMENTO,ML,2026,71245,12833.50,,,,14116.85,,
L03,Anden en Concreto Estampado + Dilatado,L,VIAS Y ANDENES,ANDENES,M2,2026,71193,20696.28,,,43445.83,22765.91,,
L30,Placa en Concreto Cancha Tipo Pavimento Esmaltada,L,VIAS Y ANDENES,PAVIMENTO,ML,2026,71246,25753.38,,,,28328.71,,
L31,Cicloruta Pavimento Flexible,L,VIAS Y ANDENES,PAVIMENTO,M2,2026,71247,109881.07,,,,120869.18,,
L32,Corte de Pavimento,L,VIAS Y ANDENES,PAVIMENTO,ML/CM,2026,70448,,,1973.66,,,,
L33,Pavimento en Concreto,L,VIAS Y ANDENES,PAVIMENTO,M2,2026,27302,29307.34,,,28233.54,32238.08,,
L34,Suministro y MdeO Subbase Granular,L,VIAS Y ANDENES,PAVIMENTO,M3,2026,60296,118778.67,,,,130656.54,,
L35,Corte y Sellado Juntas Pavimento,L,VIAS Y ANDENES,PAVIMENTO,ML,2026,60681,18153.34,,,,19968.67,,
L36,Fabricación e Instalación Refuerzo Transversal Pavimento,L,VIAS Y ANDENES,PAVIMENTO,ML,2026,71124,25983.73,,,,28582.11,,
L37,Corte e Instalación Refuerzo Longitudinal Pavimento,L,VIAS Y ANDENES,PAVIMENTO,KG,2026,71125,2111.02,,,,2322.12,,
L38,Fabricación Topellantas por Cada Parqueadero,L,VIAS Y ANDENES,TOPELLANTAS,UN,2026,60868,68512.00,74048.70,67194.48,26989.96,75363.20,85156.00,85156.00
L39,Instalación Topellantas por Cada Parqueadero,L,VIAS Y ANDENES,TOPELLANTAS,UN,2026,27321,,9166.96,,,,10542.00,10542.00
L04,Anden en Adoquin Rectangular Longitudinal/Transversal Urbanismo Interno Proyecto,L,VIAS Y ANDENES,ANDENES,M2,2026,27205,16257.67,23870.55,24501.53,17178.28,17883.44,27451.13,27451.13
L40,Relleno Nivelacion Anden,L,VIAS Y ANDENES,OTROS,M2,2026,71174,,,,5322.03,,,
L41,Acabado Espumado Anden,L,VIAS Y ANDENES,OTROS,M2,2026,71175,,,,3204.87,,,
L42,Instalación Acero Junta Anden,L,VIAS Y ANDENES,OTROS,ML,2026,71248,1508.24,,,,1659.07,,
L43,Preparacion de concreto en obra,L,VIAS Y ANDENES,OTROS,M3,2026,70006,32503.96,,30051.98,31675.14,35754.36,,
L44,Demolición de Sardinel,L,VIAS Y ANDENES,OTROS,ML,2026,70468,,,,5996.00,,,
L45,"Placa Huellas en Concreto (0,35x0,6)",L,VIAS Y ANDENES,OTROS,UN,2026,06714,31431.36,,,,34574.49,,
L46,Prado Para Gramoquin (Prado Suministrado Por Marval),L,VIAS Y ANDENES,OTROS,M2,2026,70707,,,6190.56,,,,
L47,Instalación Bancas (Mobiliario),L,VIAS Y ANDENES,OTROS,UN,2026,60650,,72134.06,,,,82954.17,82954.17
L48,Jardinera en Concreto Reforzado H=1 D=1.2,L,VIAS Y ANDENES,OTROS,UN,2026,71250,509904.15,,,,560894.56,,
L49,Puntos Ecológicos,L,VIAS Y ANDENES,OTROS,UN,2026,70525,360779.07,,,,396856.97,,
L05,Anden en Adoquin Rectangular Longitudinal/Transversal Urbanismo Externo Proyecto,L,VIAS Y ANDENES,ANDENES,M2,2026,71233,28897.42,29315.30,,,31787.16,33712.60,33712.60
L50,"Tronco Concreto D=8""",L,VIAS Y ANDENES,OTROS,UN,2026,71251,8048.76,,,,8853.64,,
L51,"Tronco Concreto D=10""",L,VIAS Y ANDENES,OTROS,UN,2026,71252,10851.79,,,,11936.97,,
L52,"Tronco Concreto D=14""",L,VIAS Y ANDENES,OTROS,UN,2026,71253,17792.63,,,,19571.89,,
L53,"Tronco Concreto D=18""",L,VIAS Y ANDENES,OTROS,UN,2026,71254,26513.19,,,,29164.51,,
L54,"Tronco Concreto D=24""",L,VIAS Y ANDENES,OTROS,UN,2026,71255,42931.01,,,,47224.11,,
L55,Prado Para Gramoquin TC,L,VIAS Y ANDENES,OTROS,M2,2026,29109,,,18571.67,,,,
L56,Rompeolas En Gravilla,L,VIAS Y ANDENES,OTROS,ML,2026,09109,110652.07,112724.23,52570.61,44117.71,121717.27,129632.87,129632.87
L57,Rompeolas En Gravilla TODO COSTO,L,VIAS Y ANDENES,OTROS,ML,2026,71126,,112724.23,,,,129632.87,129632.87
L58,Rompeolas En Gravilla Pulida,L,VIAS Y ANDENES,OTROS,ML,2026,71127,110652.07,,63551.19,,121717.27,,
L59,Rompeolas en Granito Pulido (Todo Costo),L,VIAS Y ANDENES,OTROS,ML,2026,71160,,,,101487.39,,,
L06,Rampa en Concreto,L,VIAS Y ANDENES,ANDENES,M2,2026,23401,24317.98,31994.31,26283.06,21435.88,26749.77,36793.46,36793.46
L60,Tapa En Concreto Para Cierre De Buitrones O Tapa Para Machones De Cerramiento (Cachucha),L,VIAS Y ANDENES,OTROS,M2,2026,60345,145773.82,174706.95,132721.05,,160351.21,200912.99,200912.99
L61,Contenedor de Raíces 1.64x1.24x1.30,L,VIAS Y ANDENES,OTROS,UN,2026,75510,,958626.49,,,0.00,1102420.47,1102420.47
L62,Bolardo Hierro Alto,L,VIAS Y ANDENES,OTROS,UN,2026,70499,,40401.92,,,0.00,46462.21,46462.21
L63,Excavacion para sardinel prefabricado,L,VIAS Y ANDENES,EXCAVACION,ML,2026,76113,,,31485.26,,,,
L64,Contenedor de Raices 2x2,L,VIAS Y ANDENES,OTROS,UN,2026,76126,,927343.20,,,,1066444.68,1066444.68
L65,"Contenedor de raices 2x1,8",L,VIAS Y ANDENES,OTROS,UN,2026,76127,,866460.09,,,,996429.11,996429.11
L66,"Contenedor de raices 2x1,5",L,VIAS Y ANDENES,OTROS,UN,2026,76128,,788214.86,,,,906447.09,906447.09
L67,Contenedor de raices 2x1,L,VIAS Y ANDENES,OTROS,UN,2026,76129,,656562.95,,,,755047.40,755047.40
L68,Instalacion de caneca tipo barcelona,L,VIAS Y ANDENES,OTROS,UN,2026,76114,,68768.20,,,,79083.43,79083.43
L69,Instalacion de banca modular M-40,L,VIAS Y ANDENES,OTROS,UN,2026,76115,,61453.51,,,,70671.54,70671.54
L07,Rampa en Concreto Urbanismo Externo,L,VIAS Y ANDENES,ANDENES,UN,2026,71234,524285.89,565511.34,,,576714.48,650338.04,650338.04
L70,Instalacion cinta de señalizacion,L,VIAS Y ANDENES,OTROS,ML,2026,76116,,354.74,,,,407.95,407.95
L71,Pavimento en Concreto E >15 cm URBANISMO EXT,L,VIAS Y ANDENES,PAVIMENTO,M2,2026,76140,32342.07,,,,35576.27,,
L72,Fabricación e Instalacion Bancas en Concreto,L,VIAS Y ANDENES,OTROS,UN,2026,71249,133563.02,140241.17,117211.52,,146919.32,161277.34,161277.34
L73,Anden Estampado + Loseta Guía Prefabricada,L,VIAS Y ANDENES,ANDENES,M2,2026,76183,,,39847.94,,,,
L74,"Fabricación e Instalacion Mesa en Concreto 2,50x1,50",L,VIAS Y ANDENES,OTROS,UN,2026,76184,,,324291.47,,,,
L75,"Fabricación e Instalacion Mesa en Concreto 0,80x0,80",L,VIAS Y ANDENES,OTROS,UN,2026,76185,,,194744.00,,,,
L76,Armada e Intalación de Juegos Caninos,L,VIAS Y ANDENES,OTROS,UN,2026,76186,,,267773.00,,,,
L77,Armada e Intalación de Gimnasio Biosaludable,L,VIAS Y ANDENES,OTROS,UN,2026,76187,,,106621.18,,,,
L78,Armada e Intalación de Juegos Infantiles,L,VIAS Y ANDENES,OTROS,UN,2026,76188,,,358228.52,,,,
L79,Fundida Bases/Pedestales para GYM Biosaludable - Juegos Caninos - Hamacas,L,VIAS Y ANDENES,OTROS,UN,2026,76189,,,41491.33,,,,
L08,Pompeyano en concreto,L,VIAS Y ANDENES,ANDENES,M2,2026,27207,64626.40,74118.10,66172.48,57143.45,71089.03,85235.82,85235.82
L80,Instalación Cerramiento Tipo Módulos Importación,L,VIAS Y ANDENES,OTROS,ML,2026,76190,,,8251.37,,,,
L81,Acarreo de Concreto,L,VIAS Y ANDENES,OTROS,M3,2026,76191,,,26715.30,,,,
L82,"Fabricación e Instalacion Mesa en Concreto 0,50x0,50",L,VIAS Y ANDENES,OTROS,UN,2026,76192,,,42600.25,,,,
L83,Canaleta trapezoidal en Concreto h=40 cm (2 caras),L,VIAS Y ANDENES,CANALETA,ML,2026,76193,,,35299.06,,,,
L84,Canaleta trapezoidal h>50 cm,L,VIAS Y ANDENES,CANALETA,ML,2026,76194,,,41181.83,,,,
L85,Cinta o Bordillo de Confinamiento H>15 cm,L,VIAS Y ANDENES,CINTA EN CONCRETO,ML,2026,76195,,,22327.38,,,,
L86,Sello de juntas Pavimento Rigido Todo Costo,L,VIAS Y ANDENES,ANDENES,ML,2026,76220,,,,7840.25,,,
L87,"Pavimento Rigido + Acabado con Helicoptero + Corte de Dilataciones incluye equipos(Helicopteros, Cortadoras de pavimento, etc)",L,VIAS Y ANDENES,ANDENES,M2,2026,76221,,,,31041.32,,,
L09,Anden o Pavimento en Gramoquin,L,VIAS Y ANDENES,ANDENES,M2,2026,70693,,,20974.30,,,,
M01,Replanteo para Prados,M,PRADOS Y JARDINES,PRADOS,M2,2026,70457,2942.69,3025.20,3460.21,3438.39,3236.96,3478.98,3478.98
M10,Huecos Arbol,M,PRADOS Y JARDINES,ARBOLES,UN,2026,29202,3652.72,,6167.23,,4017.99,,
M11,Siembra Arbol,M,PRADOS Y JARDINES,ARBOLES,UN,2026,29204,3601.46,,6081.26,,3961.61,,
M12,Suministro Arboles,M,PRADOS Y JARDINES,ARBOLES,UN,2026,29201,,,13181.09,,,,
M13,Suministro Arbol Compensacion Ambiental,M,PRADOS Y JARDINES,ARBOLES,UN,2026,60879,,,41635.60,,,,
M14,Siembra Swinglia,M,PRADOS Y JARDINES,ARBUSTOS,UN,2026,29203,2197.99,,2569.41,,2417.79,,
M15,Suministro Swinglia,M,PRADOS Y JARDINES,SUMINISTRO,UN,2026,29206,4966.49,,6448.28,,5463.14,,
M16,Siembra De Croto,M,PRADOS Y JARDINES,ARBUSTOS,UN,2026,71129,,,2867.18,,,,
M17,Siembra De Duranta,M,PRADOS Y JARDINES,ARBUSTOS,UN,2026,71130,,,1506.45,,,,
M18,Suministro de Viaje Tierra Negra (7m3),M,PRADOS Y JARDINES,TIERRA,M3,2026,29207,,528867.98,,336535.30,,608198.18,608198.18
M19,Poda de Cesped,M,PRADOS Y JARDINES,VARIOS,M2,2026,60649,,495.81,,235.41,,570.19,570.19
M02,Prado (San Agustin),M,PRADOS Y JARDINES,PRADOS,M2,2026,29103,3481.86,,4521.68,,3830.04,,
M20,Fumigada zona verde,M,PRADOS Y JARDINES,VARIOS,M2,2026,60741,,495.81,,342.97,,570.19,570.19
M21,Macaneo,M,PRADOS Y JARDINES,VARIOS,M2,2026,29107,,219.77,187.54,,,252.74,252.74
M22,Cargue y descargue para prado suministrado por Marval,M,PRADOS Y JARDINES,VARIOS,M2,2026,76117,,,986.76,,,,
M23,Trasiego para prado suministrado por Marval,M,PRADOS Y JARDINES,VARIOS,M2,2026,76118,,,1994.42,,,,
M03,Prado con Bambú Talud,M,PRADOS Y JARDINES,PRADOS,M2,2026,29104,18618.63,,22834.66,,20480.50,,
M04,Siembra de Prado Japones - Suministro Contratista,M,PRADOS Y JARDINES,PRADOS,M2,2026,70834,,,14268.36,,,,
M05,Siembra de Prado Japones - Suministro Marval,M,PRADOS Y JARDINES,PRADOS,M2,2026,70835,6603.00,,6591.98,,7263.30,,
M06,Suministro y Siembra de Prado - Sin Suministro de Tierra Negra,M,PRADOS Y JARDINES,PRADOS,M2,2026,71128,,6314.12,,,,7261.24,7261.24
M07,Suministro y Siembra de Prado - Con Suministro de Tierra Negra,M,PRADOS Y JARDINES,PRADOS,M2,2026,29101,,14047.10,,,,16154.16,16154.16
M08,Suministro - Trenza Nativa,M,PRADOS Y JARDINES,PRADOS,M2,2026,71176,,,,6588.20,,,
M09,Instalación - Trenza Nativa,M,PRADOS Y JARDINES,PRADOS,M2,2026,29112,,,,954.89,,,
N01,Jornal Ayudante,N,PERSONAL POR ADMINISTRACION,JORNALES,UN,2026,20207,125772.32,125772.32,125772.32,125772.32,138349.85,144638.16,144638.16
N02,Jornal Oficial,N,PERSONAL POR ADMINISTRACION,JORNALES,UN,2026,20208,174139.46,174139.46,174139.46,174139.46,191553.81,200260.38,200260.38
N03,Operador Cortador Ladrillo,N,PERSONAL POR ADMINISTRACION,DIA TRABAJADOR,UN,2026,20209,2315.80,146711.11,135007.86,134825.41,2547.38,168717.78,168717.78
N04,Inspector SISO,N,PERSONAL POR ADMINISTRACION,DIA TRABAJADOR,UN,2026,70552,91431.76,150306.63,102401.63,99060.55,100574.94,172852.63,172852.63
N05,Aparejador Torre Grua,N,PERSONAL POR ADMINISTRACION,JORNALES,UN,2026,71177,,,,125772.32,,,
N06,Llavero Constratista,N,PERSONAL POR ADMINISTRACION,JORNALES,UN,2026,60202,,,125772.32,125772.32,,,
N07,Jornal Ayudante experiencia pilotaje,N,PERSONAL POR ADMINISTRACION,JORNALES,UN,2026,76119,,134427.95,,,,154592.15,154592.15
O01,Lavada Fachada Edificio,O,LAVADAS - ASEO,LAVADA DE FACHADA,M2,2026,71131,7400.76,6750.17,5080.52,9923.64,8140.84,7762.70,7762.70
O10,Primer Aseo Viviendas / Edificios Comunales CON Acabados,O,LAVADAS - ASEO,ASEO,M2,2026,20104,3198.80,7646.95,4441.35,5865.36,3518.68,8794.00,8794.00
O11,Segundo Aseo Viviendas / Edificios Comunales CON Acabados,O,LAVADAS - ASEO,ASEO,M2,2026,20105,2185.31,5097.97,2960.90,3952.29,2403.84,5862.66,5862.66
O12,Tercer Aseo Viviendas / Edificios Comunales CON Acabados,O,LAVADAS - ASEO,ASEO,M2,2026,20106,2140.03,,,,2354.04,,
O13,Adicional Aseo Viviendas Full Acabados,O,LAVADAS - ASEO,ASEO,M2,2026,70690,1200.79,1809.45,1463.04,1756.72,1320.87,2080.87,2080.87
O14,Primer Aseo Viviendas o Salón Comunal SIN Acabados,O,LAVADAS - ASEO,ASEO,M2,2026,60932,1556.46,4463.85,2797.62,3004.66,1712.10,5133.43,5133.43
O15,Segundo Aseo Viviendas o Salón Comunal SIN Acabados,O,LAVADAS - ASEO,ASEO,M2,2026,60933,1556.46,2975.90,1865.08,2089.99,1712.10,3422.29,3422.29
O16,Tercer Aseo Viviendas o Salón Comunal SIN Acabados,O,LAVADAS - ASEO,ASEO,M2,2026,60934,1515.05,,,,1666.56,,
O17,Primer Aseo Punto Fijo con Acabado,O,LAVADAS - ASEO,ASEO,M2,2026,70377,1612.19,7646.95,3775.04,5049.40,1773.41,8794.00,8794.00
O18,Segundo Aseo Punto Fijo con Acabado,O,LAVADAS - ASEO,ASEO,M2,2026,70378,1612.19,3850.71,2516.69,3366.27,1773.41,4428.32,4428.32
O19,Tercer Aseo Punto Fijo con Acabado,O,LAVADAS - ASEO,ASEO,M2,2026,70379,1527.55,3850.71,,,1680.31,4428.32,4428.32
O02,Impermeabilizada Fachada Edificio MANO DE OBRA,O,LAVADAS - ASEO,LAVADA DE FACHADA,M2,2026,60050,,4756.99,3891.02,,,5470.54,5470.54
O20,Primer Aseo Punto Fijo sin Acabado,O,LAVADAS - ASEO,ASEO,M2,2026,70373,,3764.41,2627.83,,,4329.07,4329.07
O21,Segundo Aseo Punto Fijo sin Acabado,O,LAVADAS - ASEO,ASEO,M2,2026,70374,,2509.60,1865.08,,,2886.05,2886.05
O22,Tercer Aseo Punto Fijo sin Acabado,O,LAVADAS - ASEO,ASEO,M2,2026,70375,,2509.60,,,,2886.05,2886.05
O23,Aseo Veintena Casa Modelo Amoblada,O,LAVADAS - ASEO,ASEO,M2,2026,20109,,,5382.92,5328.13,,,
O24,Aseo Veintena Casa Modelo Sin Amoblar,O,LAVADAS - ASEO,ASEO,M2,2026,60128,,,3780.12,3740.65,,,
O25,Primer Aseo Parqueadero - Sotanos - Plataforma o Depósitos,O,LAVADAS - ASEO,ASEO,M2,2026,70370,1079.46,1354.47,926.77,1302.39,1187.41,1557.64,1557.64
O26,Segundo Aseo Parqueadero - Sotanos - Plataforma o Depósitos,O,LAVADAS - ASEO,ASEO,M2,2026,70371,1079.46,1354.47,514.87,1302.39,1187.41,1557.64,1557.64
O27,Limpieza de Ventanas por Fachada Con Silla,O,LAVADAS - ASEO,ASEO,M2,2026,20117,10316.20,6506.33,9225.62,5957.51,11347.82,7482.27,7482.27
O28,Retoque Entregas Apartamentos con Acabados.,O,LAVADAS - ASEO,RETOQUE ASEO,M2,2026,60511,629.26,1025.89,968.91,1695.51,692.18,1179.78,1179.78
O29,Retoque por Entregas Apartamentos sin Acabados,O,LAVADAS - ASEO,RETOQUE ASEO,M2,2026,70691,730.08,952.43,844.93,521.35,803.09,1095.30,1095.30
O03,Impermeabilizada Fachada Edificio -TODO COSTO,O,LAVADAS - ASEO,LAVADA DE FACHADA,M2,2026,71132,10209.51,11441.10,,9923.64,11230.46,13157.26,13157.26
O30,Lavada de Adoquin,O,LAVADAS - ASEO,OTROS,M2,2026,70452,4760.34,6822.53,5419.77,5049.40,5236.38,7845.91,7845.91
O31,Retiro de Plastico y Limpieza de Ventanas de Fachada Cara Externa Con Silla,O,LAVADAS - ASEO,ASEO,M2,2026,76120,,,,11487.88,,,
O32,Limpieza de Ventanas por Fachada,O,LAVADAS - ASEO,ASEO,M2,2026,76121,,,,5368.72,,,
O33,Aplicación de Sikaflex en perimetro de Ventanas de Fachada Cara Externa,O,LAVADAS - ASEO,ASEO,ML,2026,76122,,,,2494.29,,,
O34,Lavada baranda en vidrio PISCINA,O,LAVADAS - ASEO,ASEO,M2,2026,76151,3198.79,,,,3518.67,,
O04,Relavada y Emboquillada de Fachada,O,LAVADAS - ASEO,LAVADA DE FACHADA,M2,2026,70387,,6760.86,,,,7774.99,7774.99
O05,Relavada Fachada Edificio (>5 Pisos),O,LAVADAS - ASEO,LAVADA DE FACHADA,M2,2026,70363,3900.62,5286.10,4797.20,4380.35,4290.69,6079.02,6079.02
O06,Impermeabilizacion Adicional Fachada Edificio,O,LAVADAS - ASEO,LAVADA DE FACHADA,M2,2026,71133,1783.10,6763.23,2755.93,1819.64,1961.41,7777.71,7777.71
O07,Lavada de Muros Internos en Mamposteria Sin Friso.,O,LAVADAS - ASEO,LAVADAS,M2,2026,70364,1805.30,5239.64,1968.42,5153.25,1985.83,6025.58,6025.58
O08,Lavada de Muros Internos en Concreto sin Friso (proyectos VIS),O,LAVADAS - ASEO,LAVADAS,M2,2026,60131,513.44,,600.21,536.15,564.79,,
O09,Lavada Tanque,O,LAVADAS - ASEO,LAVADAS,M2,2026,60380,2692.40,,3235.66,2651.96,2961.64,,
P01,"Anclaje para varilla # 1/4""",P,VARIOS,HUECOS ANCLAJE + TALADRO,UN,2026,04505,1827.03,2280.51,3199.29,1497.45,2009.73,2622.59,2622.59
P10,Pluma Grua + Operador Mamposteria,P,VARIOS,MALACATE,UN,2026,60132,,2148.74,,169160.94,,2471.05,2471.05
P11,Pluma Grua+Operador Enchapador,P,VARIOS,MALACATE,UN,2026,60193,,1487.49,,212819.77,,2471.05,2471.05
P12,Malacate + Operador VALOR POR DIA,P,VARIOS,MALACATE,UN,2026,60492,150505.77,180608.48,206074.77,193480.07,165556.35,207699.76,207699.76
P13,Armada de andamio tubular,P,VARIOS,ARMADA ANDAMIOS,UN,2026,60535,18885.30,,22076.91,18005.43,20773.83,,
P14,Armada de andamio multidireccional,P,VARIOS,ARMADA ANDAMIOS,UN,2026,70633,13137.60,,15357.85,91003.75,14451.36,,
P15,Armada de andamio de poleas,P,VARIOS,ARMADA ANDAMIOS,UN,2026,20204,118238.39,112075.82,129832.02,120509.07,130062.23,128887.19,128887.19
P16,Armada de andamio eléctrico,P,VARIOS,ARMADA ANDAMIOS,UN,2026,70634,159422.85,304972.39,277247.63,,175365.13,350718.25,350718.25
P17,Descolgada Fachada con Columpio,P,VARIOS,ARMADA ANDAMIOS,UN,2026,71178,,,119929.40,155867.76,,,
P18,Transporte Tipo 1,P,VARIOS,TRANSPORTES,UN,2026,71179,,,,38339.90,,,
P19,Transporte Tipo 2,P,VARIOS,TRANSPORTES,UN,2026,71180,,,,45310.78,,,
P02,"Anclaje para varilla # 3/8""",P,VARIOS,HUECOS ANCLAJE + TALADRO,UN,2026,60077,2382.57,4026.01,3411.57,2966.26,2620.83,4629.91,4629.91
P20,Transporte Tipo 3,P,VARIOS,TRANSPORTES,UN,2026,71181,,,,52281.68,,,
P21,Transporte Tipo 4,P,VARIOS,TRANSPORTES,UN,2026,71182,,,,52281.68,,,
P22,Transporte Tipo 5,P,VARIOS,TRANSPORTES,UN,2026,71183,,,,43568.06,,,
P23,Transporte de Escombros con Bobcat,P,VARIOS,TRANSPORTES,M3,2026,71184,,,,32512.71,,,
P24,Transporte de Escombros sin Bobcat (Paleros),P,VARIOS,TRANSPORTES,M3,2026,71185,,,,40015.64,,,
P25,Acarreo de tierra interno,P,VARIOS,TRANSPORTES,M3,2026,71186,,,,7133.94,,,
P26,Transporte Tipo 6,P,VARIOS,TRANSPORTES,UN,2026,71187,,,,113018.96,,,
P27,Transporte Tipo 7,P,VARIOS,TRANSPORTES,UN,2026,71188,,,,200078.19,,,
P28,Transportes de Equipos - Empresas Mantenimiento Equipos,P,VARIOS,TRANSPORTES,UN,2026,71189,,,,250097.74,,,
P29,Estructura Yeso Carton m2,P,VARIOS,CIELOS RASOS,UN,2026,71271,31938.29,,,,35132.12,,
P03,"Anclaje para varilla # 1/2""",P,VARIOS,HUECOS ANCLAJE + TALADRO,UN,2026,60075,2971.49,4249.08,4042.92,3411.20,3268.64,4886.44,4886.44
P30,Laminado Yeso Carton m2,P,VARIOS,CIELOS RASOS,UN,2026,71272,25550.63,,,,28105.69,,
P31,Acabado Yeso Carton m2,P,VARIOS,CIELOS RASOS,UN,2026,71273,6387.66,,,,7026.42,,
P32,Estructura Yeso Carton ml,P,VARIOS,CIELOS RASOS,UN,2026,71274,21803.20,,,,23983.52,,
P33,Laminado Yeso Carton ml,P,VARIOS,CIELOS RASOS,UN,2026,71275,17442.56,,,,19186.82,,
P34,Acabado Yeso Carton ml,P,VARIOS,CIELOS RASOS,UN,2026,71276,4360.64,,,,4796.70,,
P35,Cajón en Drywall - 2 Caras,P,VARIOS,CIELOS RASOS,UN,2026,71277,61321.51,,,,67453.66,,
P36,Cajón en Drywall - 3 Caras,P,VARIOS,CIELOS RASOS,UN,2026,71278,91982.27,,,,101180.49,,
P37,Malacate operador mamposteria+friso,P,VARIOS,MALACATE,UN,2026,76123,1953.21,,,,2148.53,,
P38,Malacate operador mortero+enchapes,P,VARIOS,MALACATE,UN,2026,76124,1352.22,,,,1487.44,,
P39,Dilatacion cielo raso ML,P,VARIOS,CIELOS RASOS,ML,2026,76130,16916.22,,,,18607.84,,
P04,"Anclaje para varilla # 1/2"" TC",P,VARIOS,HUECOS ANCLAJE + TALADRO,UN,2026,71256,7514.93,,,,8266.43,,
P40,Prolongacion de andamios,P,VARIOS,ARMADA ANDAMIOS,UN,2026,76125,,25548.05,,,,29380.26,29380.26
P41,Malacate operador friso,P,VARIOS,MALACATE,M2,2026,76231,1958.70,2148.74,,3182.29,2154.57,2471.05,2471.05
P42,Malacate operador enchapes / pisos,P,VARIOS,MALACATE,M2,2026,76232,1333.08,1487.49,,840.21,1466.38,1710.62,1710.62
P05,"Anclaje para varilla # 5/8""",P,VARIOS,HUECOS ANCLAJE + TALADRO,UN,2026,60078,4250.78,6384.01,6401.97,4152.76,4675.86,7341.61,7341.61
P06,"Anclaje para varilla # 3/4""",P,VARIOS,HUECOS ANCLAJE + TALADRO,UN,2026,60076,6547.87,8778.89,8803.59,5343.80,7202.65,10095.73,10095.73
P07,"Anclaje para varilla # 7/8""",P,VARIOS,HUECOS ANCLAJE + TALADRO,UN,2026,60079,7424.82,9029.17,8114.40,7348.11,8167.30,10383.55,10383.55
P08,"Anclaje para varilla # 1""",P,VARIOS,HUECOS ANCLAJE + TALADRO,UN,2026,70114,10126.20,12033.29,11066.67,9825.07,11138.82,13838.28,13838.28
P09,"Anclaje para varilla # > 1""",P,VARIOS,HUECOS ANCLAJE + TALADRO,UN,2026,06703,15525.78,18449.79,16967.74,15064.08,17078.36,21217.26,21217.26
